projeto_id,projeto e requisitos,team_id,team_str,AT_cont,AC_cont,dist_AE,DOM_M,DOM_S,DOM_C,ECO_M,ECO_S,ECO_C,LING_M,LING_S,LING_C,MUST_OK,FALTAS_MUST,TOTAL_FALTAS_MUST,rank_expert,ae_bn_mean,rank_bn,AT_cont,AC_cont,dist_AT,dist_AC,dist_AE,pc_score,pc_label,dominio_tier,ecossistema_tier,linguagens_tier,dominio_score,ecossistema_score,linguagens_score,t_cpt_build_s,t_dim_s,t_pc_graph_s,t_pc_transform_s,t_infer_at_s,t_infer_ae_s,t_infer_total_s,t_team_total_s,t_project_total_s,t_project_total_plus_cpt_s,dominio_m_total,dominio_m_covered,dominio_m_covered_list,dominio_s_total,dominio_s_covered,dominio_s_covered_list,dominio_c_total,dominio_c_covered,dominio_c_covered_list,ecossistema_m_total,ecossistema_m_covered,ecossistema_m_covered_list,ecossistema_s_total,ecossistema_s_covered,ecossistema_s_covered_list,ecossistema_c_total,ecossistema_c_covered,ecossistema_c_covered_list,linguagens_m_total,linguagens_m_covered,linguagens_m_covered_list,linguagens_s_total,linguagens_s_covered,linguagens_s_covered_list,linguagens_c_total,linguagens_c_covered,linguagens_c_covered_list,note_dev1,note_dev2,note_dev3,note_dev4
P1,Manutenção de Portal Corporativo .NET,P1-TEAM0,[Dev169;Dev27;Dev81;Dev363],0.150789,0.3,"0.683021,0.311090,0.005890,0.000000,0.000000",1/2,0/1,1/1,0/1,1/1,0/1,0/1,1/2,0/1,FALSE,DOM faltam 1 | ECO faltam 1 | LING faltam 1,3,3,0.164574,2,0.150789,0.3,"0.746058,0.253940,0.000002,0.000000,0.000000","0.000000,1.000000,0.000000,0.000000,0.000000","0.683021,0.311090,0.005890,0.000000,0.000000",0.2,L,L,VL,VL,0.25,0,0,5.254824,0.013624,0.000052,0.000105,0.016656,0.011804,0.02846,0.061946,0.299471,5.554295,2,1,web,1,0,,1,1,mobile,1,0,,1,1,react,1,0,,1,0,,2,1,javascript,1,0,,"Domínio: Web
Ecossistema: React
Linguagens: JavaScript

Match (requisitos do projeto):
DOM: M (1/2)[web] S (0/1)[] C (0/1)[]
ECO: M (0/1)[] S (1/1)[react] C (0/1)[]
LING: M (0/1)[] S (1/2)[javascript] C (0/1)[]

Colaboração (somente com membros desta equipe):
169-27: SEM_COMUM
169-81: SEM_COMUM
169-363: SEM_COMUM","Domínio: Web
Ecossistema: nan
Linguagens: JavaScript

Match (requisitos do projeto):
DOM: M (1/2)[web] S (0/1)[] C (0/1)[]
ECO: M (0/1)[] S (0/1)[] C (0/1)[]
LING: M (0/1)[] S (1/2)[javascript] C (0/1)[]

Colaboração (somente com membros desta equipe):
27-81: SEM_COMUM
27-169: SEM_COMUM
27-363: P103(,osf=0.739,slf=0.847); P123(,osf=0.393,slf=0.825); P144(,osf=0.541,slf=0.688); P145(,osf=0.612,slf=0.871); P148(,osf=0.411,slf=0.639); P149(,osf=0.325,slf=0.603); P150(,osf=0.475,slf=0.317); P171(,osf=0.486,slf=0.531); P177(,osf=0.340,slf=0.621); P179(,osf=0.489,slf=0.711); P239(,osf=0.422,slf=0.462); P240(,osf=0.385,slf=0.409); P258(,osf=0.666,slf=0.352); P72(,osf=0.639,slf=0.456); P80(,osf=0.559,slf=0.624); P82(,osf=0.567,slf=0.737); P85(,osf=0.784,slf=0.538); P99(,osf=0.757,slf=0.452)","Domínio: IoT
Ecossistema: nan
Linguagens: JavaScript

Match (requisitos do projeto):
DOM: M (0/2)[] S (0/1)[] C (0/1)[]
ECO: M (0/1)[] S (0/1)[] C (0/1)[]
LING: M (0/1)[] S (1/2)[javascript] C (0/1)[]

Colaboração (somente com membros desta equipe):
81-27: SEM_COMUM
81-169: SEM_COMUM
81-363: SEM_COMUM","Domínio: Mobile
Ecossistema: iOS/iPadOS
Linguagens: Swift

Match (requisitos do projeto):
DOM: M (0/2)[] S (0/1)[] C (1/1)[mobile]
ECO: M (0/1)[] S (0/1)[] C (0/1)[]
LING: M (0/1)[] S (0/2)[] C (0/1)[]

Colaboração (somente com membros desta equipe):
363-27: P103(,osf=0.739,slf=0.847); P123(,osf=0.393,slf=0.825); P144(,osf=0.541,slf=0.688); P145(,osf=0.612,slf=0.871); P148(,osf=0.411,slf=0.639); P149(,osf=0.325,slf=0.603); P150(,osf=0.475,slf=0.317); P171(,osf=0.486,slf=0.531); P177(,osf=0.340,slf=0.621); P179(,osf=0.489,slf=0.711); P239(,osf=0.422,slf=0.462); P240(,osf=0.385,slf=0.409); P258(,osf=0.666,slf=0.352); P72(,osf=0.639,slf=0.456); P80(,osf=0.559,slf=0.624); P82(,osf=0.567,slf=0.737); P85(,osf=0.784,slf=0.538); P99(,osf=0.757,slf=0.452) | 363-447: P123(,osf=0.393,slf=0.825); P144(,osf=0.541,slf=0.688); P145(,osf=0.612,slf=0.871); P148(,osf=0.411,slf=0.639); P149(,osf=0.325,slf=0.603); P150(,osf=0.475,slf=0.317); P171(,osf=0.486,slf=0.531); P177(,osf=0.340,slf=0.621); P179(,osf=0.489,slf=0.711); P214(,osf=0.335,slf=0.820); P239(,osf=0.422,slf=0.462); P240(,osf=0.385,slf=0.409); P258(,osf=0.666,slf=0.352); P82(,osf=0.567,slf=0.737); P85(,osf=0.784,slf=0.538) | 363-544: P123(,osf=0.393,slf=0.825); P144(,osf=0.541,slf=0.688); P145(,osf=0.612,slf=0.871); P148(,osf=0.411,slf=0.639); P149(,osf=0.325,slf=0.603); P150(,osf=0.475,slf=0.317); P171(,osf=0.486,slf=0.531); P177(,osf=0.340,slf=0.621); P179(,osf=0.489,slf=0.711); P239(,osf=0.422,slf=0.462); P240(,osf=0.385,slf=0.409); P258(,osf=0.666,slf=0.352); P82(,osf=0.567,slf=0.737); P85(,osf=0.784,slf=0.538)
363-81: SEM_COMUM
363-169: SEM_COMUM"
P1,"DOM  M[Desktop, Web] S[Cloud] C[Mobile]
ECO  M[.NET] S[React] C[MongoDB]
LING M[C#] S[JavaScript, TypeScript] C[Python]",P1-TEAM1,[Dev71;Dev518;Dev509;Dev439],0.10468,0.1,"0.965397,0.034603,0.000001,0.000000,0.000000",1/2,0/1,0/1,0/1,1/1,0/1,0/1,2/2,1/1,FALSE,DOM faltam 1 | ECO faltam 1 | LING faltam 1,3,4,0.106921,5,0.10468,0.1,"0.976598,0.023402,0.000000,0.000000,0.000000","1.000000,0.000000,0.000000,0.000000,0.000000","0.965397,0.034603,0.000001,0.000000,0.000000",0.1,VL,VL,VL,VL,0.125,0,0,5.254824,0.013939,0.000038,0.000083,0.015942,0.009882,0.025823,0.057763,0.299471,5.554295,2,1,web,1,0,,1,0,,1,0,,1,1,react,1,0,,1,0,,2,2,"javascript,typescript",1,1,python,"Dev71
Domínio: IoT, Web
Ecossistema: iOS/iPadOS
Linguagens: HTML, JavaScript, Python

Match (requisitos do projeto):
DOM : M (1/2)['web'] S (0/1)[] C (0/1)[]
ECO : M (0/1)[] S (0/1)[] C (0/1)[]
LING: M (0/1)[] S (1/2)['javascript'] C (1/1)['python']

Colaboração (somente com membros desta equipe):
Dev71-Dev518: SEM_COMUM
Dev71-Dev509: SEM_COMUM
Dev71-Dev439: SEM_COMUM","Dev518
Domínio: Web
Ecossistema: Vue
Linguagens: JavaScript

Match (requisitos do projeto):
DOM : M (1/2)['web'] S (0/1)[] C (0/1)[]
ECO : M (0/1)[] S (0/1)[] C (0/1)[]
LING: M (0/1)[] S (1/2)['javascript'] C (0/1)[]

Colaboração (somente com membros desta equipe):
Dev518-Dev71: SEM_COMUM
Dev518-Dev509: SEM_COMUM
Dev518-Dev439: SEM_COMUM","Dev509
Domínio: Web
Ecossistema: Angular
Linguagens: TypeScript

Match (requisitos do projeto):
DOM : M (1/2)['web'] S (0/1)[] C (0/1)[]
ECO : M (0/1)[] S (0/1)[] C (0/1)[]
LING: M (0/1)[] S (1/2)['typescript'] C (0/1)[]

Colaboração (somente com membros desta equipe):
Dev509-Dev71: SEM_COMUM
Dev509-Dev518: SEM_COMUM
Dev509-Dev439: SEM_COMUM","Dev439
Domínio: Web
Ecossistema: React
Linguagens: JavaScript

Match (requisitos do projeto):
DOM : M (1/2)['web'] S (0/1)[] C (0/1)[]
ECO : M (0/1)[] S (1/1)['react'] C (0/1)[]
LING: M (0/1)[] S (1/2)['javascript'] C (0/1)[]

Colaboração (somente com membros desta equipe):
Dev439-Dev71: SEM_COMUM
Dev439-Dev518: SEM_COMUM
Dev439-Dev509: SEM_COMUM"
P1,,P1-TEAM2,[Dev205;Dev526;Dev363;Dev447],0.10468,0.3,"0.887185,0.112272,0.000543,0.000000,0.000000",1/2,0/1,1/1,0/1,1/1,0/1,0/1,1/2,0/1,FALSE,DOM faltam 1 | ECO faltam 1 | LING faltam 1,3,4,0.122672,4,0.10468,0.3,"0.976598,0.023402,0.000000,0.000000,0.000000","0.000000,1.000000,0.000000,0.000000,0.000000","0.887185,0.112272,0.000543,0.000000,0.000000",0.2,L,VL,VL,VL,0.142857,0,0,5.254824,0.012843,0.000037,0.000079,0.014065,0.013309,0.027373,0.059286,0.299471,5.554295,2,1,web,1,0,,1,1,mobile,1,0,,1,1,react,1,0,,1,0,,2,1,javascript,1,0,,"Domínio: Mobile
Ecossistema: Android
Linguagens: Kotlin

Match (requisitos do projeto):
DOM: M (0/2)[] S (0/1)[] C (1/1)[mobile]
ECO: M (0/1)[] S (0/1)[] C (0/1)[]
LING: M (0/1)[] S (0/2)[] C (0/1)[]

Colaboração (somente com membros desta equipe):
205-363: SEM_COMUM
205-447: SEM_COMUM
205-526: P139(,osf=0.325,slf=0.436)","Domínio: Web
Ecossistema: React
Linguagens: JavaScript

Match (requisitos do projeto):
DOM: M (1/2)[web] S (0/1)[] C (0/1)[]
ECO: M (0/1)[] S (1/1)[react] C (0/1)[]
LING: M (0/1)[] S (1/2)[javascript] C (0/1)[]

Colaboração (somente com membros desta equipe):
526-205: P139(,osf=0.325,slf=0.436)
526-363: SEM_COMUM
526-447: SEM_COMUM","Domínio: Mobile
Ecossistema: iOS/iPadOS
Linguagens: Swift

Match (requisitos do projeto):
DOM: M (0/2)[] S (0/1)[] C (1/1)[mobile]
ECO: M (0/1)[] S (0/1)[] C (0/1)[]
LING: M (0/1)[] S (0/2)[] C (0/1)[]

Colaboração (somente com membros desta equipe):
363-205: SEM_COMUM
363-447: SEM_COMUM
363-526: SEM_COMUM","Domínio: Mobile
Ecossistema: iOS/iPadOS
Linguagens: Swift

Match (requisitos do projeto):
DOM: M (0/2)[] S (0/1)[] C (1/1)[mobile]
ECO: M (0/1)[] S (0/1)[] C (0/1)[]
LING: M (0/1)[] S (0/2)[] C (0/1)[]

Colaboração (somente com membros desta equipe):
447-205: SEM_COMUM
447-363: P123(,osf=0.393,slf=0.825); P144(,osf=0.541,slf=0.688); P145(,osf=0.612,slf=0.871); P148(,osf=0.411,slf=0.639); P149(,osf=0.325,slf=0.603); P150(,osf=0.475,slf=0.317); P171(,osf=0.486,slf=0.531); P177(,osf=0.340,slf=0.621); P179(,osf=0.489,slf=0.711); P214(,osf=0.335,slf=0.820); P239(,osf=0.422,slf=0.462); P240(,osf=0.385,slf=0.409); P258(,osf=0.666,slf=0.352); P82(,osf=0.567,slf=0.737); P85(,osf=0.784,slf=0.538)
447-526: SEM_COMUM"
P1,,P1-TEAM3,[Dev33;Dev303;Dev270;Dev93],0.782261,0.3,"0.000000,0.013369,0.766883,0.219735,0.000013",2/2,0/1,0/1,1/1,0/1,0/1,1/1,2/2,0/1,TRUE,OK,0,1,0.541278,1,0.782261,0.3,"0.000000,0.000000,0.000080,0.588534,0.411386","0.000000,1.000000,0.000000,0.000000,0.000000","0.000000,0.013369,0.766883,0.219735,0.000013",0.2,L,H,M,VH,0.642857,0.5,0.857143,5.254824,0.01232,0.000046,0.000086,0.012311,0.014152,0.026463,0.05025,0.299471,5.554295,2,2,"desktop,web",1,1,cloud,1,0,,1,1,.net,1,0,,1,0,,1,1,c#,2,2,"javascript,typescript",1,1,python,"Domínio: nan
Ecossistema: Android, CouchDB, iOS/iPadOS
Linguagens: JavaScript

Match (requisitos do projeto):
DOM: M (0/2)[] S (0/1)[] C (0/1)[]
ECO: M (0/1)[] S (0/1)[] C (0/1)[]
LING: M (0/1)[] S (1/2)[javascript] C (0/1)[]

Colaboração (somente com membros desta equipe):
33-93: SEM_COMUM
33-270: SEM_COMUM
33-303: SEM_COMUM","Domínio: Desktop
Ecossistema: .NET
Linguagens: C#

Match (requisitos do projeto):
DOM: M (1/2)[desktop] S (0/1)[] C (0/1)[]
ECO: M (1/1)[.net] S (0/1)[] C (0/1)[]
LING: M (1/1)[c#] S (0/2)[] C (0/1)[]

Colaboração (somente com membros desta equipe):
303-33: SEM_COMUM
303-93: SEM_COMUM
303-270: SEM_COMUM","Domínio: Web
Ecossistema: Angular
Linguagens: TypeScript

Match (requisitos do projeto):
DOM: M (1/2)[web] S (0/1)[] C (0/1)[]
ECO: M (0/1)[] S (0/1)[] C (0/1)[]
LING: M (0/1)[] S (1/2)[typescript] C (0/1)[]

Colaboração (somente com membros desta equipe):
270-33: SEM_COMUM
270-93: P82(,osf=0.567,slf=0.737) | 270-411: P82(,osf=0.567,slf=0.737) | 270-438: P82(,osf=0.567,slf=0.737)
270-303: SEM_COMUM","Domínio: Desktop
Ecossistema: .NET
Linguagens: C#

Match (requisitos do projeto):
DOM: M (1/2)[desktop] S (0/1)[] C (0/1)[]
ECO: M (1/1)[.net] S (0/1)[] C (0/1)[]
LING: M (1/1)[c#] S (0/2)[] C (0/1)[]

Colaboração (somente com membros desta equipe):
93-33: SEM_COMUM
93-270: P82(,osf=0.567,slf=0.737) | 93-292: P82(,osf=0.567,slf=0.737) | 93-437: P158(,osf=0.670,slf=0.322); P82(,osf=0.567,slf=0.737); P85(,osf=0.784,slf=0.538)
93-303: SEM_COMUM"
P1,,P1-TEAM4,[Dev316;Dev389;Dev526;Dev308],0.150789,0.1,"0.855042,0.144949,0.000008,0.000000,0.000000",1/2,0/1,1/1,0/1,1/1,0/1,0/1,1/2,0/1,FALSE,DOM faltam 1 | ECO faltam 1 | LING faltam 1,3,2,0.128993,3,0.150789,0.1,"0.746058,0.253940,0.000002,0.000000,0.000000","1.000000,0.000000,0.000000,0.000000,0.000000","0.855042,0.144949,0.000008,0.000000,0.000000",0.1,VL,L,VL,VL,0.25,0,0,5.254824,0.014964,0.00004,0.000083,0.018332,0.017528,0.03586,0.066853,0.299471,5.554295,2,1,web,1,0,,1,1,mobile,1,0,,1,1,react,1,0,,1,0,,2,1,javascript,1,0,,"Domínio: Web
Ecossistema: Node.js
Linguagens: JavaScript

Match (requisitos do projeto):
DOM: M (1/2)[web] S (0/1)[] C (0/1)[]
ECO: M (0/1)[] S (0/1)[] C (0/1)[]
LING: M (0/1)[] S (1/2)[javascript] C (0/1)[]

Colaboração (somente com membros desta equipe):
316-308: SEM_COMUM
316-389: SEM_COMUM
316-526: SEM_COMUM","Domínio: Mobile
Ecossistema: Android
Linguagens: Kotlin

Match (requisitos do projeto):
DOM: M (0/2)[] S (0/1)[] C (1/1)[mobile]
ECO: M (0/1)[] S (0/1)[] C (0/1)[]
LING: M (0/1)[] S (0/2)[] C (0/1)[]

Colaboração (somente com membros desta equipe):
389-308: SEM_COMUM
389-316: SEM_COMUM
389-526: SEM_COMUM","Domínio: Web
Ecossistema: React
Linguagens: JavaScript

Match (requisitos do projeto):
DOM: M (1/2)[web] S (0/1)[] C (0/1)[]
ECO: M (0/1)[] S (1/1)[react] C (0/1)[]
LING: M (0/1)[] S (1/2)[javascript] C (0/1)[]

Colaboração (somente com membros desta equipe):
526-308: SEM_COMUM
526-316: SEM_COMUM
526-389: SEM_COMUM","Domínio: Web
Ecossistema: React
Linguagens: JavaScript

Match (requisitos do projeto):
DOM: M (1/2)[web] S (0/1)[] C (0/1)[]
ECO: M (0/1)[] S (1/1)[react] C (0/1)[]
LING: M (0/1)[] S (1/2)[javascript] C (0/1)[]

Colaboração (somente com membros desta equipe):
308-316: SEM_COMUM
308-389: SEM_COMUM
308-526: SEM_COMUM"
P2,App Mobile Híbrido com Painel Web,P2-TEAM0,[Dev466;Dev93;Dev437;Dev292],0.249664,0.5,"0.191098,0.739495,0.069397,0.000010,0.000000",1/1,1/1,0/1,1/2,0/1,1/1,1/2,1/2,1/2,FALSE,ECO faltam 1 | LING faltam 1,2,1,0.275664,2,0.249664,0.5,"0.252112,0.747457,0.000431,0.000000,0.000000","0.000000,0.000000,1.000000,0.000000,0.000000","0.191098,0.739495,0.069397,0.000010,0.000000",0.4,M,M,VL,VL,0.428572,0.142857,0.09375,5.254824,0.015302,0.000039,0.000082,0.010894,0.010574,0.021468,0.051973,0.304397,5.559221,1,1,mobile,1,1,web,1,1,cloud,2,0,,1,0,,1,1,.net,2,1,swift,2,1,javascript,2,1,c#,"Domínio: Desktop
Ecossistema: .NET
Linguagens: C#

Match (requisitos do projeto):
DOM: M (0/1)[] S (0/1)[] C (0/1)[]
ECO: M (0/2)[] S (0/1)[] C (1/1)[.net]
LING: M (0/2)[] S (0/2)[] C (1/2)[c#]

Colaboração (somente com membros desta equipe):
466-93: SEM_COMUM
466-292: SEM_COMUM
466-437: SEM_COMUM","Domínio: Desktop
Ecossistema: .NET
Linguagens: C#

Match (requisitos do projeto):
DOM: M (0/1)[] S (0/1)[] C (0/1)[]
ECO: M (0/2)[] S (0/1)[] C (1/1)[.net]
LING: M (0/2)[] S (0/2)[] C (1/2)[c#]

Colaboração (somente com membros desta equipe):
93-292: SEM_COMUM
93-437: SEM_COMUM
93-466: SEM_COMUM","Domínio: Mobile
Ecossistema: iOS/iPadOS
Linguagens: Swift

Match (requisitos do projeto):
DOM: M (1/1)[mobile] S (0/1)[] C (0/1)[]
ECO: M (1/2)[ios/ipados] S (0/1)[] C (0/1)[]
LING: M (1/2)[swift] S (0/2)[] C (0/2)[]

Colaboração (somente com membros desta equipe):
437-93: P158(,osf=0.670,slf=0.322); P82(,osf=0.567,slf=0.737); P85(,osf=0.784,slf=0.538) | 437-292: P82(,osf=0.567,slf=0.737)
437-292: SEM_COMUM
437-466: SEM_COMUM","Domínio: Web
Ecossistema: Node.js
Linguagens: JavaScript

Match (requisitos do projeto):
DOM: M (0/1)[] S (1/1)[web] C (0/1)[]
ECO: M (0/2)[] S (0/1)[] C (0/1)[]
LING: M (0/2)[] S (1/2)[javascript] C (0/2)[]

Colaboração (somente com membros desta equipe):
292-93: P82(,osf=0.567,slf=0.737) | 292-437: P82(,osf=0.567,slf=0.737)
292-437: SEM_COMUM
292-466: SEM_COMUM"
P2,"DOM  M[Mobile] S[Web] C[Cloud]
ECO  M[Android, iOS/iPadOS] S[React] C[.NET]
LING M[Kotlin, Swift] S[JavaScript, TypeScript] C[Java, C#]",P2-TEAM1,[Dev270;Dev411;Dev479;Dev503],0.10468,0.5,"0.729460,0.268379,0.002161,0.000000,0.000000",0/1,1/1,0/1,0/2,1/1,0/1,0/2,2/2,1/2,FALSE,DOM faltam 1 | ECO faltam 2 | LING faltam 2,5,2,0.15454,5,0.10468,0.5,"0.976598,0.023402,0.000000,0.000000,0.000000","0.000000,0.000000,1.000000,0.000000,0.000000","0.729460,0.268379,0.002161,0.000000,0.000000",0.4,M,VL,VL,VL,0,0,0,5.254824,0.013242,0.000038,0.000079,0.013744,0.010201,0.023945,0.053069,0.304397,5.559221,1,0,,1,1,web,1,0,,2,0,,1,1,react,1,0,,2,0,,2,2,"javascript,typescript",2,1,java,"Domínio: Web
Ecossistema: Angular
Linguagens: TypeScript

Match (requisitos do projeto):
DOM: M (0/1)[] S (1/1)[web] C (0/1)[]
ECO: M (0/2)[] S (0/1)[] C (0/1)[]
LING: M (0/2)[] S (1/2)[typescript] C (0/2)[]

Colaboração (somente com membros desta equipe):
270-411: SEM_COMUM
270-479: SEM_COMUM
270-503: SEM_COMUM","Domínio: Web
Ecossistema: Spring Boot
Linguagens: Java

Match (requisitos do projeto):
DOM: M (0/1)[] S (1/1)[web] C (0/1)[]
ECO: M (0/2)[] S (0/1)[] C (0/1)[]
LING: M (0/2)[] S (0/2)[] C (1/2)[java]

Colaboração (somente com membros desta equipe):
411-270: P82(,osf=0.567,slf=0.737) | 411-479: P179(,osf=0.489,slf=0.711) | 411-503: P145(,osf=0.612,slf=0.871); P177(,osf=0.340,slf=0.621); P284(,osf=0.383,slf=0.553)
411-479: SEM_COMUM
411-503: SEM_COMUM","Domínio: Web
Ecossistema: Angular
Linguagens: TypeScript

Match (requisitos do projeto):
DOM: M (0/1)[] S (1/1)[web] C (0/1)[]
ECO: M (0/2)[] S (0/1)[] C (0/1)[]
LING: M (0/2)[] S (1/2)[typescript] C (0/2)[]

Colaboração (somente com membros desta equipe):
479-270: SEM_COMUM
479-411: P179(,osf=0.489,slf=0.711)
479-503: SEM_COMUM","Domínio: Web
Ecossistema: React
Linguagens: JavaScript

Match (requisitos do projeto):
DOM: M (0/1)[] S (1/1)[web] C (0/1)[]
ECO: M (0/2)[] S (1/1)[react] C (0/1)[]
LING: M (0/2)[] S (1/2)[javascript] C (0/2)[]

Colaboração (somente com membros desta equipe):
503-270: SEM_COMUM
503-411: SEM_COMUM
503-479: SEM_COMUM"
P2,,P2-TEAM2,[Dev115;Dev119;Dev399;Dev193],0.249664,0.5,"0.191098,0.739495,0.069397,0.000010,0.000000",1/1,1/1,0/1,1/2,0/1,1/1,1/2,1/2,2/2,FALSE,ECO faltam 1 | LING faltam 1,2,3,0.275664,3,0.249664,0.5,"0.252112,0.747457,0.000431,0.000000,0.000000","0.000000,0.000000,1.000000,0.000000,0.000000","0.191098,0.739495,0.069397,0.000010,0.000000",0.4,M,M,VL,VL,0.428572,0.142857,0.125,5.254824,0.014018,0.000038,0.000079,0.013817,0.019578,0.033394,0.061841,0.304397,5.559221,1,1,mobile,1,1,web,1,0,,2,0,,1,0,,1,1,.net,2,1,swift,2,1,javascript,2,2,"c#,java","Domínio: Web
Ecossistema: Node.js
Linguagens: JavaScript

Match (requisitos do projeto):
DOM: M (0/1)[] S (1/1)[web] C (0/1)[]
ECO: M (0/2)[] S (0/1)[] C (0/1)[]
LING: M (0/2)[] S (1/2)[javascript] C (0/2)[]

Colaboração (somente com membros desta equipe):
115-119: SEM_COMUM
115-193: SEM_COMUM
115-399: SEM_COMUM","Domínio: Mobile
Ecossistema: iOS/iPadOS
Linguagens: Swift

Match (requisitos do projeto):
DOM: M (1/1)[mobile] S (0/1)[] C (0/1)[]
ECO: M (1/2)[ios/ipados] S (0/1)[] C (0/1)[]
LING: M (1/2)[swift] S (0/2)[] C (0/2)[]

Colaboração (somente com membros desta equipe):
119-115: SEM_COMUM
119-193: P82(,osf=0.567,slf=0.737) | 119-399: P82(,osf=0.567,slf=0.737)
119-399: SEM_COMUM","Domínio: Desktop
Ecossistema: .NET
Linguagens: C#

Match (requisitos do projeto):
DOM: M (0/1)[] S (0/1)[] C (0/1)[]
ECO: M (0/2)[] S (0/1)[] C (1/1)[.net]
LING: M (0/2)[] S (0/2)[] C (1/2)[c#]

Colaboração (somente com membros desta equipe):
399-115: SEM_COMUM
399-119: P82(,osf=0.567,slf=0.737) | 399-193: P82(,osf=0.567,slf=0.737); P85(,osf=0.784,slf=0.538)
399-193: SEM_COMUM","Domínio: Web
Ecossistema: Spring Boot
Linguagens: Java

Match (requisitos do projeto):
DOM: M (0/1)[] S (1/1)[web] C (0/1)[]
ECO: M (0/2)[] S (0/1)[] C (0/1)[]
LING: M (0/2)[] S (0/2)[] C (1/2)[java]

Colaboração (somente com membros desta equipe):
193-115: SEM_COMUM
193-119: SEM_COMUM
193-399: SEM_COMUM"
P2,,P2-TEAM3,[Dev468;Dev263;Dev503;Dev5],0.249664,0.5,"0.191098,0.739495,0.069397,0.000010,0.000000",1/1,1/1,1/1,1/2,1/1,0/1,1/2,1/2,0/2,FALSE,ECO faltam 1 | LING faltam 1,2,4,0.275664,4,0.249664,0.5,"0.252112,0.747457,0.000431,0.000000,0.000000","0.000000,0.000000,1.000000,0.000000,0.000000","0.191098,0.739495,0.069397,0.000010,0.000000",0.4,M,M,VL,VL,0.428572,0.107143,0.0625,5.254824,0.015437,0.00004,0.00008,0.015677,0.0147,0.030376,0.062377,0.304397,5.559221,1,1,mobile,1,1,web,1,1,cloud,2,1,android,1,1,react,1,0,,2,1,kotlin,2,1,javascript,2,0,,"Domínio: Cloud
Ecossistema: AWS Lambda
Linguagens: Python

Match (requisitos do projeto):
DOM: M (0/1)[] S (0/1)[] C (1/1)[cloud]
ECO: M (0/2)[] S (0/1)[] C (0/1)[]
LING: M (0/2)[] S (0/2)[] C (0/2)[]

Colaboração (somente com membros desta equipe):
468-5: P82(,osf=0.567,slf=0.737) | 468-508: P196(,osf=0.888,slf=0.339) | 468-516: P82(,osf=0.567,slf=0.737); P85(,osf=0.784,slf=0.538)
468-263: SEM_COMUM
468-503: SEM_COMUM","Domínio: Web
Ecossistema: Vue
Linguagens: JavaScript

Match (requisitos do projeto):
DOM: M (0/1)[] S (1/1)[web] C (0/1)[]
ECO: M (0/2)[] S (0/1)[] C (0/1)[]
LING: M (0/2)[] S (1/2)[javascript] C (0/2)[]

Colaboração (somente com membros desta equipe):
263-5: P179(,osf=0.489,slf=0.711) | 263-145: P179(,osf=0.489,slf=0.711); P201(,osf=0.535,slf=0.596)
263-468: SEM_COMUM
263-503: SEM_COMUM","Domínio: Web
Ecossistema: React
Linguagens: JavaScript

Match (requisitos do projeto):
DOM: M (0/1)[] S (1/1)[web] C (0/1)[]
ECO: M (0/2)[] S (1/1)[react] C (0/1)[]
LING: M (0/2)[] S (1/2)[javascript] C (0/2)[]

Colaboração (somente com membros desta equipe):
503-5: P145(,osf=0.612,slf=0.871); P177(,osf=0.340,slf=0.621); P213(,osf=0.312,slf=0.608); P216(,osf=0.401,slf=0.341); P279(,osf=0.594,slf=0.422) | 503-411: P145(,osf=0.612,slf=0.871); P177(,osf=0.340,slf=0.621); P284(,osf=0.383,slf=0.553)
503-263: SEM_COMUM
503-468: SEM_COMUM","Domínio: Mobile
Ecossistema: Android
Linguagens: Kotlin

Match (requisitos do projeto):
DOM: M (1/1)[mobile] S (0/1)[] C (0/1)[]
ECO: M (1/2)[android] S (0/1)[] C (0/1)[]
LING: M (1/2)[kotlin] S (0/2)[] C (0/2)[]

Colaboração (somente com membros desta equipe):
5-263: P179(,osf=0.489,slf=0.711) | 5-468: P82(,osf=0.567,slf=0.737) | 5-503: P145(,osf=0.612,slf=0.871); P177(,osf=0.340,slf=0.621); P213(,osf=0.312,slf=0.608); P216(,osf=0.401,slf=0.341); P279(,osf=0.594,slf=0.422)
5-468: SEM_COMUM
5-503: SEM_COMUM"
P2,,P2-TEAM4,[Dev104;Dev363;Dev544;Dev81],0.489471,0.3,"0.001366,0.522405,0.476033,0.000196,0.000000",1/1,0/1,0/1,2/2,0/1,0/1,2/2,1/2,0/2,TRUE,OK,0,3,0.395012,1,0.489471,0.3,"0.000000,0.059900,0.932845,0.007255,0.000000","0.000000,1.000000,0.000000,0.000000,0.000000","0.001366,0.522405,0.476033,0.000196,0.000000",0.2,L,M,L,M,0.5,0.285714,0.464286,5.254824,0.016431,0.000082,0.000086,0.019398,0.016492,0.03589,0.071998,0.304397,5.559221,1,1,mobile,1,0,,1,0,,2,1,android,1,0,,1,0,,2,2,"kotlin,swift",2,1,javascript,2,0,,"Domínio: Mobile
Ecossistema: Android
Linguagens: Kotlin

Match (requisitos do projeto):
DOM: M (1/1)[mobile] S (0/1)[] C (0/1)[]
ECO: M (1/2)[android] S (0/1)[] C (0/1)[]
LING: M (1/2)[kotlin] S (0/2)[] C (0/2)[]

Colaboração (somente com membros desta equipe):
104-81: P69(,osf=0.478,slf=0.301)
104-363: SEM_COMUM
104-544: SEM_COMUM","Domínio: Mobile
Ecossistema: iOS/iPadOS
Linguagens: Swift

Match (requisitos do projeto):
DOM: M (1/1)[mobile] S (0/1)[] C (0/1)[]
ECO: M (1/2)[ios/ipados] S (0/1)[] C (0/1)[]
LING: M (1/2)[swift] S (0/2)[] C (0/2)[]

Colaboração (somente com membros desta equipe):
363-81: SEM_COMUM
363-104: SEM_COMUM
363-544: SEM_COMUM","Domínio: Mobile
Ecossistema: iOS/iPadOS
Linguagens: Swift

Match (requisitos do projeto):
DOM: M (1/1)[mobile] S (0/1)[] C (0/1)[]
ECO: M (1/2)[ios/ipados] S (0/1)[] C (0/1)[]
LING: M (1/2)[swift] S (0/2)[] C (0/2)[]

Colaboração (somente com membros desta equipe):
544-81: SEM_COMUM
544-104: SEM_COMUM
544-363: SEM_COMUM","Domínio: IoT
Ecossistema: nan
Linguagens: JavaScript

Match (requisitos do projeto):
DOM: M (0/1)[] S (0/1)[] C (0/1)[]
ECO: M (0/2)[] S (0/1)[] C (0/1)[]
LING: M (0/2)[] S (1/2)[javascript] C (0/2)[]

Colaboração (somente com membros desta equipe):
81-104: P69(,osf=0.478,slf=0.301)
81-363: SEM_COMUM
81-544: SEM_COMUM"
P3,Plataforma IoT de Sensoriamento em Nuvem,P3-TEAM0,[Dev423;Dev558;Dev494;Dev391],0.350869,0.3,"0.017010,0.837974,0.145007,0.000008,0.000000",1/2,1/1,0/1,1/1,1/3,1/1,1/2,1/1,0/2,FALSE,DOM faltam 1 | LING faltam 1,2,3,0.325603,1,0.350869,0.3,"0.000418,0.744821,0.254759,0.000002,0.000000","0.000000,1.000000,0.000000,0.000000,0.000000","0.017010,0.837974,0.145007,0.000008,0.000000",0.2,L,L,VH,L,0.214286,0.952381,0.214286,5.254824,0.012055,0.000038,0.000079,0.011266,0.017758,0.029024,0.05576,0.29362,5.548444,2,1,cloud,1,1,web,1,0,,1,1,aws lambda,3,1,react,1,1,android,2,1,python,1,1,javascript,2,0,,"Domínio: Web
Ecossistema: React
Linguagens: JavaScript

Match (requisitos do projeto):
DOM: M (0/2)[] S (1/1)[web] C (0/1)[]
ECO: M (0/1)[] S (1/3)[react] C (0/1)[]
LING: M (0/2)[] S (1/1)[javascript] C (0/2)[]

Colaboração (somente com membros desta equipe):
423-391: SEM_COMUM
423-494: SEM_COMUM
423-558: P85(,osf=0.784,slf=0.538)","Domínio: Mobile
Ecossistema: Android
Linguagens: Kotlin

Match (requisitos do projeto):
DOM: M (0/2)[] S (0/1)[] C (0/1)[]
ECO: M (0/1)[] S (0/3)[] C (1/1)[android]
LING: M (0/2)[] S (0/1)[] C (0/2)[]

Colaboração (somente com membros desta equipe):
558-391: SEM_COMUM
558-423: SEM_COMUM
558-494: SEM_COMUM","Domínio: Cloud
Ecossistema: AWS Lambda
Linguagens: Python

Match (requisitos do projeto):
DOM: M (1/2)[cloud] S (0/1)[] C (0/1)[]
ECO: M (1/1)[aws lambda] S (0/3)[] C (0/1)[]
LING: M (1/2)[python] S (0/1)[] C (0/2)[]

Colaboração (somente com membros desta equipe):
494-391: SEM_COMUM
494-423: SEM_COMUM
494-558: SEM_COMUM","Domínio: Cloud
Ecossistema: AWS Lambda
Linguagens: Python

Match (requisitos do projeto):
DOM: M (1/2)[cloud] S (0/1)[] C (0/1)[]
ECO: M (1/1)[aws lambda] S (0/3)[] C (0/1)[]
LING: M (1/2)[python] S (0/1)[] C (0/2)[]

Colaboração (somente com membros desta equipe):
391-423: SEM_COMUM
391-494: SEM_COMUM
391-558: SEM_COMUM"
P3,"DOM  M[IoT, Cloud] S[Web] C[Desktop]
ECO  M[AWS Lambda] S[React, Angular, MongoDB] C[Android]
LING M[Python, C++] S[JavaScript] C[Java, TypeScript]",P3-TEAM1,[Dev104;Dev446;Dev152;Dev465],0.10468,0.1,"0.965397,0.034603,0.000001,0.000000,0.000000",0/2,1/1,0/1,0/1,1/3,1/1,0/2,1/1,1/2,FALSE,DOM faltam 2 | ECO faltam 1 | LING faltam 2,5,5,0.106921,2,0.10468,0.1,"0.976598,0.023402,0.000000,0.000000,0.000000","1.000000,0.000000,0.000000,0.000000,0.000000","0.965397,0.034603,0.000001,0.000000,0.000000",0.1,VL,VL,VL,VL,0,0,0,5.254824,0.011096,0.000038,0.000076,0.014253,0.014748,0.029001,0.058177,0.29362,5.548444,2,0,,1,1,web,1,0,,1,0,,3,1,react,1,1,android,2,0,,1,1,javascript,2,1,java,"Domínio: Mobile
Ecossistema: Android
Linguagens: Kotlin

Match (requisitos do projeto):
DOM: M (0/2)[] S (0/1)[] C (0/1)[]
ECO: M (0/1)[] S (0/3)[] C (1/1)[android]
LING: M (0/2)[] S (0/1)[] C (0/2)[]

Colaboração (somente com membros desta equipe):
104-152: SEM_COMUM
104-446: SEM_COMUM
104-465: SEM_COMUM","Domínio: Mobile
Ecossistema: Android
Linguagens: Kotlin

Match (requisitos do projeto):
DOM: M (0/2)[] S (0/1)[] C (0/1)[]
ECO: M (0/1)[] S (0/3)[] C (1/1)[android]
LING: M (0/2)[] S (0/1)[] C (0/2)[]

Colaboração (somente com membros desta equipe):
446-104: SEM_COMUM
446-152: SEM_COMUM
446-465: SEM_COMUM","Domínio: Web
Ecossistema: React
Linguagens: JavaScript

Match (requisitos do projeto):
DOM: M (0/2)[] S (1/1)[web] C (0/1)[]
ECO: M (0/1)[] S (1/3)[react] C (0/1)[]
LING: M (0/2)[] S (1/1)[javascript] C (0/2)[]

Colaboração (somente com membros desta equipe):
152-104: SEM_COMUM
152-446: SEM_COMUM
152-465: SEM_COMUM","Domínio: Web
Ecossistema: Spring Boot
Linguagens: Java

Match (requisitos do projeto):
DOM: M (0/2)[] S (1/1)[web] C (0/1)[]
ECO: M (0/1)[] S (0/3)[] C (0/1)[]
LING: M (0/2)[] S (0/1)[] C (1/2)[java]

Colaboração (somente com membros desta equipe):
465-104: SEM_COMUM
465-152: SEM_COMUM
465-446: SEM_COMUM"
P3,,P3-TEAM2,[Dev362;Dev242;Dev450;Dev161],0.10468,0.1,"0.965397,0.034603,0.000001,0.000000,0.000000",0/2,1/1,1/1,0/1,1/3,0/1,0/2,1/1,0/2,FALSE,DOM faltam 2 | ECO faltam 1 | LING faltam 2,5,4,0.106921,3,0.10468,0.1,"0.976598,0.023402,0.000000,0.000000,0.000000","1.000000,0.000000,0.000000,0.000000,0.000000","0.965397,0.034603,0.000001,0.000000,0.000000",0.1,VL,VL,VL,VL,0,0,0,5.254824,0.01101,0.000033,0.000068,0.009217,0.012834,0.022051,0.049744,0.29362,5.548444,2,0,,1,1,web,1,1,desktop,1,0,,3,1,react,1,0,,2,1,c++,1,1,javascript,2,0,,"Domínio: Web
Ecossistema: React
Linguagens: JavaScript

Match (requisitos do projeto):
DOM: M (0/2)[] S (1/1)[web] C (0/1)[]
ECO: M (0/1)[] S (1/3)[react] C (0/1)[]
LING: M (0/2)[] S (1/1)[javascript] C (0/2)[]

Colaboração (somente com membros desta equipe):
362-161: SEM_COMUM
362-242: SEM_COMUM
362-450: SEM_COMUM","Domínio: Web
Ecossistema: Node.js
Linguagens: JavaScript

Match (requisitos do projeto):
DOM: M (0/2)[] S (1/1)[web] C (0/1)[]
ECO: M (0/1)[] S (0/3)[] C (0/1)[]
LING: M (0/2)[] S (1/1)[javascript] C (0/2)[]

Colaboração (somente com membros desta equipe):
242-161: SEM_COMUM
242-362: SEM_COMUM
242-450: SEM_COMUM","Domínio: Desktop
Ecossistema: .NET
Linguagens: C#

Match (requisitos do projeto):
DOM: M (0/2)[] S (0/1)[] C (1/1)[desktop]
ECO: M (0/1)[] S (0/3)[] C (0/1)[]
LING: M (0/2)[] S (0/1)[] C (0/2)[]

Colaboração (somente com membros desta equipe):
450-161: SEM_COMUM
450-242: SEM_COMUM
450-362: SEM_COMUM","Domínio: nan
Ecossistema: nan
Linguagens: JavaScript

Match (requisitos do projeto):
DOM: M (0/2)[] S (0/1)[] C (0/1)[]
ECO: M (0/1)[] S (0/3)[] C (0/1)[]
LING: M (0/2)[] S (1/1)[javascript] C (0/2)[]

Colaboração (somente com membros desta equipe):
161-242: SEM_COMUM
161-362: SEM_COMUM
161-450: SEM_COMUM"
P3,,P3-TEAM3,[Dev362;Dev354;Dev495;Dev458],0.10468,0.1,"0.965397,0.034603,0.000001,0.000000,0.000000",0/2,1/1,0/1,0/1,1/3,0/1,0/2,1/1,1/2,FALSE,DOM faltam 2 | ECO faltam 1 | LING faltam 2,5,3,0.106921,4,0.10468,0.1,"0.976598,0.023402,0.000000,0.000000,0.000000","1.000000,0.000000,0.000000,0.000000,0.000000","0.965397,0.034603,0.000001,0.000000,0.000000",0.1,VL,VL,VL,VL,0,0,0,5.254824,0.016319,0.000032,0.000068,0.015996,0.01694,0.032936,0.067517,0.29362,5.548444,2,0,,1,1,web,1,0,,1,0,,3,1,react,1,0,,2,0,,1,1,javascript,2,1,java,"Domínio: Web
Ecossistema: React
Linguagens: JavaScript

Match (requisitos do projeto):
DOM: M (0/2)[] S (1/1)[web] C (0/1)[]
ECO: M (0/1)[] S (1/3)[react] C (0/1)[]
LING: M (0/2)[] S (1/1)[javascript] C (0/2)[]

Colaboração (somente com membros desta equipe):
362-354: SEM_COMUM
362-458: SEM_COMUM
362-495: SEM_COMUM","Domínio: Web
Ecossistema: Node.js
Linguagens: JavaScript

Match (requisitos do projeto):
DOM: M (0/2)[] S (1/1)[web] C (0/1)[]
ECO: M (0/1)[] S (0/3)[] C (0/1)[]
LING: M (0/2)[] S (1/1)[javascript] C (0/2)[]

Colaboração (somente com membros desta equipe):
354-362: SEM_COMUM
354-458: SEM_COMUM
354-495: SEM_COMUM","Domínio: Web
Ecossistema: Spring Boot
Linguagens: Java

Match (requisitos do projeto):
DOM: M (0/2)[] S (1/1)[web] C (0/1)[]
ECO: M (0/1)[] S (0/3)[] C (0/1)[]
LING: M (0/2)[] S (0/1)[] C (1/2)[java]

Colaboração (somente com membros desta equipe):
495-354: SEM_COMUM
495-362: SEM_COMUM
495-458: SEM_COMUM","Domínio: Mobile
Ecossistema: iOS/iPadOS
Linguagens: Swift

Match (requisitos do projeto):
DOM: M (0/2)[] S (0/1)[] C (0/1)[]
ECO: M (0/1)[] S (0/3)[] C (0/1)[]
LING: M (0/2)[] S (0/1)[] C (0/2)[]

Colaboração (somente com membros desta equipe):
458-354: SEM_COMUM
458-362: SEM_COMUM
458-495: SEM_COMUM"
P3,,P3-TEAM4,[Dev439;Dev16;Dev209;Dev463],0.10468,0.1,"0.965397,0.034603,0.000001,0.000000,0.000000",0/2,1/1,0/1,0/1,1/3,0/1,0/2,1/1,0/2,FALSE,DOM faltam 2 | ECO faltam 1 | LING faltam 2,5,5,0.106921,5,0.10468,0.1,"0.976598,0.023402,0.000000,0.000000,0.000000","1.000000,0.000000,0.000000,0.000000,0.000000","0.965397,0.034603,0.000001,0.000000,0.000000",0.1,VL,VL,VL,VL,0,0,0,5.254824,0.010633,0.000034,0.000067,0.015129,0.01628,0.03141,0.059257,0.29362,5.548444,2,0,,1,1,web,1,0,,1,0,,3,1,react,1,0,,2,0,,1,1,javascript,2,0,,"Domínio: Web
Ecossistema: React
Linguagens: JavaScript

Match (requisitos do projeto):
DOM: M (0/2)[] S (1/1)[web] C (0/1)[]
ECO: M (0/1)[] S (1/3)[react] C (0/1)[]
LING: M (0/2)[] S (1/1)[javascript] C (0/2)[]

Colaboração (somente com membros desta equipe):
439-16: SEM_COMUM
439-209: SEM_COMUM
439-463: SEM_COMUM","Domínio: nan
Ecossistema: iOS/iPadOS
Linguagens: nan

Match (requisitos do projeto):
DOM: M (0/2)[] S (0/1)[] C (0/1)[]
ECO: M (0/1)[] S (0/3)[] C (0/1)[]
LING: M (0/2)[] S (0/1)[] C (0/2)[]

Colaboração (somente com membros desta equipe):
16-209: SEM_COMUM
16-439: SEM_COMUM
16-463: SEM_COMUM","Domínio: Web
Ecossistema: Node.js
Linguagens: JavaScript

Match (requisitos do projeto):
DOM: M (0/2)[] S (1/1)[web] C (0/1)[]
ECO: M (0/1)[] S (0/3)[] C (0/1)[]
LING: M (0/2)[] S (1/1)[javascript] C (0/2)[]

Colaboração (somente com membros desta equipe):
209-16: SEM_COMUM
209-439: SEM_COMUM
209-463: SEM_COMUM","Domínio: Web
Ecossistema: Vue
Linguagens: JavaScript

Match (requisitos do projeto):
DOM: M (0/2)[] S (1/1)[web] C (0/1)[]
ECO: M (0/1)[] S (0/3)[] C (0/1)[]
LING: M (0/2)[] S (1/1)[javascript] C (0/2)[]

Colaboração (somente com membros desta equipe):
463-16: SEM_COMUM
463-209: SEM_COMUM
463-439: SEM_COMUM"
P4,SaaS Web de Relatórios Analíticos,P4-TEAM0,[Dev263;Dev241;Dev303;Dev548],0.699957,0.1,"0.000549,0.499784,0.499120,0.000546,0.000000",1/1,0/1,1/1,0/1,0/2,0/1,1/1,0/2,1/2,FALSE,ECO faltam 1,1,2,0.399933,2,0.699957,0.1,"0.000000,0.000000,0.022857,0.954499,0.022644","1.000000,0.000000,0.000000,0.000000,0.000000","0.000549,0.499784,0.499120,0.000546,0.000000",0.1,VL,VH,VL,H,1,0,0.75,5.254824,0.011737,0.000039,0.00008,0.014653,0.015413,0.030065,0.062496,0.285042,5.539866,1,1,web,1,0,,1,1,desktop,1,0,,2,0,,1,0,,1,1,javascript,2,0,,2,1,c#,"Domínio: Web
Ecossistema: Vue
Linguagens: JavaScript

Match (requisitos do projeto):
DOM: M (1/1)[web] S (0/1)[] C (0/1)[]
ECO: M (0/1)[] S (0/2)[] C (0/1)[]
LING: M (1/1)[javascript] S (0/2)[] C (0/2)[]

Colaboração (somente com membros desta equipe):
263-241: SEM_COMUM
263-303: SEM_COMUM
263-548: SEM_COMUM","Domínio: Web
Ecossistema: Node.js
Linguagens: JavaScript

Match (requisitos do projeto):
DOM: M (1/1)[web] S (0/1)[] C (0/1)[]
ECO: M (0/1)[] S (0/2)[] C (0/1)[]
LING: M (1/1)[javascript] S (0/2)[] C (0/2)[]

Colaboração (somente com membros desta equipe):
241-263: SEM_COMUM
241-303: SEM_COMUM
241-548: SEM_COMUM","Domínio: Desktop
Ecossistema: .NET
Linguagens: C#

Match (requisitos do projeto):
DOM: M (0/1)[] S (0/1)[] C (1/1)[desktop]
ECO: M (0/1)[] S (0/2)[] C (0/1)[]
LING: M (0/1)[] S (0/2)[] C (1/2)[c#]

Colaboração (somente com membros desta equipe):
303-241: SEM_COMUM
303-263: SEM_COMUM
303-548: SEM_COMUM","Domínio: Mobile
Ecossistema: iOS/iPadOS
Linguagens: Swift

Match (requisitos do projeto):
DOM: M (0/1)[] S (0/1)[] C (0/1)[]
ECO: M (0/1)[] S (0/2)[] C (0/1)[]
LING: M (0/1)[] S (0/2)[] C (0/2)[]

Colaboração (somente com membros desta equipe):
548-241: SEM_COMUM
548-263: SEM_COMUM
548-303: SEM_COMUM"
P4,"DOM  M[Web] S[Cloud] C[Desktop]
ECO  M[MongoDB] S[Angular, React] C[AWS Lambda]
LING M[JavaScript] S[TypeScript, Python] C[Java, C#]",P4-TEAM1,[Dev145;Dev38;Dev225;Dev263],0.473708,0.3,"0.003004,0.558446,0.438478,0.000072,0.000000",1/1,0/1,0/1,0/1,1/2,0/1,1/1,0/2,0/2,FALSE,ECO faltam 1,1,3,0.387124,3,0.473708,0.3,"0.000000,0.133387,0.864683,0.001929,0.000000","0.000000,1.000000,0.000000,0.000000,0.000000","0.003004,0.558446,0.438478,0.000072,0.000000",0.3,L,M,VL,M,0.5,0,0.5,5.254824,0.01039,0.000034,0.000071,0.016466,0.011741,0.028206,0.056359,0.285042,5.539866,1,1,web,1,0,,1,0,,1,0,,2,1,react,1,0,,1,1,javascript,2,0,,2,0,,"Domínio: IoT, Web
Ecossistema: iOS/iPadOS
Linguagens: JSON, JavaScript

Match (requisitos do projeto):
DOM: M (1/1)[web] S (0/1)[] C (0/1)[]
ECO: M (0/1)[] S (0/2)[] C (0/1)[]
LING: M (1/1)[javascript] S (0/2)[] C (0/2)[]

Colaboração (somente com membros desta equipe):
145-38: SEM_COMUM
145-225: SEM_COMUM
145-263: P179(,osf=0.489,slf=0.711); P201(,osf=0.535,slf=0.596)","Domínio: Web
Ecossistema: iOS/iPadOS
Linguagens: nan

Match (requisitos do projeto):
DOM: M (1/1)[web] S (0/1)[] C (0/1)[]
ECO: M (0/1)[] S (0/2)[] C (0/1)[]
LING: M (0/1)[] S (0/2)[] C (0/2)[]

Colaboração (somente com membros desta equipe):
38-145: SEM_COMUM
38-225: P82(,osf=0.567,slf=0.737)
38-263: SEM_COMUM","Domínio: Web
Ecossistema: React
Linguagens: JavaScript

Match (requisitos do projeto):
DOM: M (1/1)[web] S (0/1)[] C (0/1)[]
ECO: M (0/1)[] S (1/2)[react] C (0/1)[]
LING: M (1/1)[javascript] S (0/2)[] C (0/2)[]

Colaboração (somente com membros desta equipe):
225-38: P82(,osf=0.567,slf=0.737)
225-145: SEM_COMUM
225-263: SEM_COMUM","Domínio: Web
Ecossistema: Vue
Linguagens: JavaScript

Match (requisitos do projeto):
DOM: M (1/1)[web] S (0/1)[] C (0/1)[]
ECO: M (0/1)[] S (0/2)[] C (0/1)[]
LING: M (1/1)[javascript] S (0/2)[] C (0/2)[]

Colaboração (somente com membros desta equipe):
263-38: SEM_COMUM
263-145: SEM_COMUM
263-225: SEM_COMUM"
P4,,P4-TEAM2,[Dev193;Dev194;Dev7;Dev154],0.489593,0.5,"0.000223,0.074956,0.899971,0.024850,0.000000",1/1,1/1,0/1,0/1,1/2,1/1,1/1,1/2,1/2,FALSE,ECO faltam 1,1,1,0.48989,1,0.489593,0.5,"0.000000,0.059379,0.933277,0.007344,0.000000","0.000000,0.000000,1.000000,0.000000,0.000000","0.000223,0.074956,0.899971,0.024850,0.000000",0.4,M,VH,VL,L,0.857143,0,0.375001,5.254824,0.012379,0.000035,0.000076,0.0157,0.010556,0.026256,0.053496,0.285042,5.539866,1,1,web,1,1,cloud,1,0,,1,0,,2,1,react,1,1,aws lambda,1,1,javascript,2,1,python,2,1,java,"Domínio: Web
Ecossistema: Spring Boot
Linguagens: Java

Match (requisitos do projeto):
DOM: M (1/1)[web] S (0/1)[] C (0/1)[]
ECO: M (0/1)[] S (0/2)[] C (0/1)[]
LING: M (0/1)[] S (0/2)[] C (1/2)[java]

Colaboração (somente com membros desta equipe):
193-7: P82(,osf=0.567,slf=0.737); P85(,osf=0.784,slf=0.538) | 193-119: P82(,osf=0.567,slf=0.737) | 193-194: P82(,osf=0.567,slf=0.737); P85(,osf=0.784,slf=0.538) | 193-399: P82(,osf=0.567,slf=0.737); P85(,osf=0.784,slf=0.538)
193-154: SEM_COMUM
193-194: SEM_COMUM","Domínio: Mobile
Ecossistema: Android
Linguagens: Kotlin

Match (requisitos do projeto):
DOM: M (0/1)[] S (0/1)[] C (0/1)[]
ECO: M (0/1)[] S (0/2)[] C (0/1)[]
LING: M (0/1)[] S (0/2)[] C (0/2)[]

Colaboração (somente com membros desta equipe):
194-7: P40(,osf=0.733,slf=0.373); P82(,osf=0.567,slf=0.737); P85(,osf=0.784,slf=0.538) | 194-193: P82(,osf=0.567,slf=0.737); P85(,osf=0.784,slf=0.538)
194-154: SEM_COMUM
194-193: SEM_COMUM","Domínio: Web
Ecossistema: React
Linguagens: JavaScript

Match (requisitos do projeto):
DOM: M (1/1)[web] S (0/1)[] C (0/1)[]
ECO: M (0/1)[] S (1/2)[react] C (0/1)[]
LING: M (1/1)[javascript] S (0/2)[] C (0/2)[]

Colaboração (somente com membros desta equipe):
7-154: SEM_COMUM
7-193: P82(,osf=0.567,slf=0.737); P85(,osf=0.784,slf=0.538) | 7-194: P40(,osf=0.733,slf=0.373); P82(,osf=0.567,slf=0.737); P85(,osf=0.784,slf=0.538)
7-194: SEM_COMUM","Domínio: Cloud
Ecossistema: AWS Lambda
Linguagens: Python

Match (requisitos do projeto):
DOM: M (0/1)[] S (1/1)[cloud] C (0/1)[]
ECO: M (0/1)[] S (0/2)[] C (1/1)[aws lambda]
LING: M (0/1)[] S (1/2)[python] C (0/2)[]

Colaboração (somente com membros desta equipe):
154-7: SEM_COMUM
154-193: SEM_COMUM
154-194: SEM_COMUM"
P4,,P4-TEAM3,[Dev438;Dev270;Dev104;Dev293],0.350491,0.3,"0.017060,0.838823,0.144108,0.000008,0.000000",1/1,1/1,0/1,0/1,1/2,1/1,0/1,2/2,0/2,FALSE,ECO faltam 1 | LING faltam 1,2,3,0.325413,5,0.350491,0.3,"0.000427,0.746691,0.252880,0.000002,0.000000","0.000000,1.000000,0.000000,0.000000,0.000000","0.017060,0.838823,0.144108,0.000008,0.000000",0.3,L,VH,VL,VL,0.857143,0,0,5.254824,0.012285,0.000036,0.000071,0.016261,0.01576,0.032021,0.0632,0.285042,5.539866,1,1,web,1,1,cloud,1,0,,1,0,,2,1,angular,1,1,aws lambda,1,0,,2,2,"python,typescript",2,0,,"Domínio: Cloud
Ecossistema: AWS Lambda
Linguagens: Python

Match (requisitos do projeto):
DOM: M (0/1)[] S (1/1)[cloud] C (0/1)[]
ECO: M (0/1)[] S (0/2)[] C (1/1)[aws lambda]
LING: M (0/1)[] S (1/2)[python] C (0/2)[]

Colaboração (somente com membros desta equipe):
438-104: SEM_COMUM
438-270: P82(,osf=0.567,slf=0.737) | 438-293: P124(,osf=0.678,slf=0.507); P152(,osf=0.337,slf=0.880) | 438-558: P85(,osf=0.784,slf=0.538)
438-293: SEM_COMUM","Domínio: Web
Ecossistema: Angular
Linguagens: TypeScript

Match (requisitos do projeto):
DOM: M (1/1)[web] S (0/1)[] C (0/1)[]
ECO: M (0/1)[] S (1/2)[angular] C (0/1)[]
LING: M (0/1)[] S (1/2)[typescript] C (0/2)[]

Colaboração (somente com membros desta equipe):
270-104: SEM_COMUM
270-293: SEM_COMUM
270-438: SEM_COMUM","Domínio: Mobile
Ecossistema: Android
Linguagens: Kotlin

Match (requisitos do projeto):
DOM: M (0/1)[] S (0/1)[] C (0/1)[]
ECO: M (0/1)[] S (0/2)[] C (0/1)[]
LING: M (0/1)[] S (0/2)[] C (0/2)[]

Colaboração (somente com membros desta equipe):
104-270: SEM_COMUM
104-293: SEM_COMUM
104-438: SEM_COMUM","Domínio: Web
Ecossistema: Angular
Linguagens: TypeScript

Match (requisitos do projeto):
DOM: M (1/1)[web] S (0/1)[] C (0/1)[]
ECO: M (0/1)[] S (1/2)[angular] C (0/1)[]
LING: M (0/1)[] S (1/2)[typescript] C (0/2)[]

Colaboração (somente com membros desta equipe):
293-104: SEM_COMUM
293-270: SEM_COMUM
293-438: P124(,osf=0.678,slf=0.507); P152(,osf=0.337,slf=0.880)"
P4,,P4-TEAM4,[Dev198;Dev415;Dev62;Dev559],0.473708,0.3,"0.003004,0.558446,0.438478,0.000072,0.000000",1/1,0/1,0/1,1/1,0/2,0/1,1/1,0/2,0/2,TRUE,OK,0,4,0.387124,4,0.473708,0.3,"0.000000,0.133387,0.864683,0.001929,0.000000","0.000000,1.000000,0.000000,0.000000,0.000000","0.003004,0.558446,0.438478,0.000072,0.000000",0.3,L,M,VL,M,0.5,0,0.5,5.254824,0.011418,0.000035,0.000071,0.01049,0.011188,0.021677,0.046551,0.285042,5.539866,1,1,web,1,0,,1,0,,1,1,mongodb,2,0,,1,0,,1,1,javascript,2,0,,2,0,,"Domínio: Web
Ecossistema: Vue
Linguagens: JavaScript

Match (requisitos do projeto):
DOM: M (1/1)[web] S (0/1)[] C (0/1)[]
ECO: M (0/1)[] S (0/2)[] C (0/1)[]
LING: M (1/1)[javascript] S (0/2)[] C (0/2)[]

Colaboração (somente com membros desta equipe):
198-62: SEM_COMUM
198-415: P82(,osf=0.567,slf=0.737)
198-559: SEM_COMUM","Domínio: Web
Ecossistema: Vue
Linguagens: JavaScript

Match (requisitos do projeto):
DOM: M (1/1)[web] S (0/1)[] C (0/1)[]
ECO: M (0/1)[] S (0/2)[] C (0/1)[]
LING: M (1/1)[javascript] S (0/2)[] C (0/2)[]

Colaboração (somente com membros desta equipe):
415-62: P85(,osf=0.784,slf=0.538) | 415-198: P82(,osf=0.567,slf=0.737)
415-198: SEM_COMUM
415-559: SEM_COMUM","Domínio: nan
Ecossistema: MongoDB, iOS/iPadOS
Linguagens: nan

Match (requisitos do projeto):
DOM: M (0/1)[] S (0/1)[] C (0/1)[]
ECO: M (1/1)[mongodb] S (0/2)[] C (0/1)[]
LING: M (0/1)[] S (0/2)[] C (0/2)[]

Colaboração (somente com membros desta equipe):
62-198: SEM_COMUM
62-415: P85(,osf=0.784,slf=0.538)
62-559: SEM_COMUM","Domínio: Mobile
Ecossistema: Android
Linguagens: Kotlin

Match (requisitos do projeto):
DOM: M (0/1)[] S (0/1)[] C (0/1)[]
ECO: M (0/1)[] S (0/2)[] C (0/1)[]
LING: M (0/1)[] S (0/2)[] C (0/2)[]

Colaboração (somente com membros desta equipe):
559-62: SEM_COMUM
559-198: SEM_COMUM
559-415: SEM_COMUM"
P5,Plataforma Crítica Web+Cloud,P5-TEAM0,[Dev174;Dev265;Dev524;Dev169],0.150789,0.1,"0.855042,0.144949,0.000008,0.000000,0.000000",1/2,0/1,1/1,1/3,1/1,0/1,1/3,2/2,0/2,FALSE,DOM faltam 1 | ECO faltam 2 | LING faltam 2,5,5,0.128993,5,0.150789,0.1,"0.746058,0.253940,0.000002,0.000000,0.000000","1.000000,0.000000,0.000000,0.000000,0.000000","0.855042,0.144949,0.000008,0.000000,0.000000",0.1,VL,L,VL,VL,0.25,0.047619,0.095238,5.254824,0.021241,0.000038,0.000079,0.015531,0.01646,0.031991,0.065911,0.326824,5.581648,2,1,web,1,0,,1,1,desktop,3,1,react,1,1,.net,1,0,,3,1,javascript,2,2,"c#,java",2,0,,"Domínio: Web
Ecossistema: Vue
Linguagens: JavaScript

Match (requisitos do projeto):
DOM: M (1/2)[web] S (0/1)[] C (0/1)[]
ECO: M (0/3)[] S (0/1)[] C (0/1)[]
LING: M (1/3)[javascript] S (0/2)[] C (0/2)[]

Colaboração (somente com membros desta equipe):
174-169: SEM_COMUM
174-265: SEM_COMUM
174-524: SEM_COMUM","Domínio: Web
Ecossistema: Spring Boot
Linguagens: Java

Match (requisitos do projeto):
DOM: M (1/2)[web] S (0/1)[] C (0/1)[]
ECO: M (0/3)[] S (0/1)[] C (0/1)[]
LING: M (0/3)[] S (1/2)[java] C (0/2)[]

Colaboração (somente com membros desta equipe):
265-169: SEM_COMUM
265-174: SEM_COMUM
265-524: SEM_COMUM","Domínio: Desktop
Ecossistema: .NET
Linguagens: C#

Match (requisitos do projeto):
DOM: M (0/2)[] S (0/1)[] C (1/1)[desktop]
ECO: M (0/3)[] S (1/1)[.net] C (0/1)[]
LING: M (0/3)[] S (1/2)[c#] C (0/2)[]

Colaboração (somente com membros desta equipe):
524-169: SEM_COMUM
524-174: SEM_COMUM
524-265: SEM_COMUM","Domínio: Web
Ecossistema: React
Linguagens: JavaScript

Match (requisitos do projeto):
DOM: M (1/2)[web] S (0/1)[] C (0/1)[]
ECO: M (1/3)[react] S (0/1)[] C (0/1)[]
LING: M (1/3)[javascript] S (0/2)[] C (0/2)[]

Colaboração (somente com membros desta equipe):
169-174: SEM_COMUM
169-265: SEM_COMUM
169-524: SEM_COMUM"
P5,"DOM  M[Web, Cloud] S[Mobile] C[Desktop]
ECO  M[React, AWS Lambda, MongoDB] S[.NET] C[Android]
LING M[JavaScript, TypeScript, Python] S[C#, Java] C[Kotlin, Swift]",P5-TEAM1,[Dev438;Dev558;Dev461;Dev297],0.449858,0.3,"0.005630,0.612847,0.381489,0.000034,0.000000",2/2,1/1,0/1,2/3,0/1,1/1,2/3,0/2,1/2,FALSE,ECO faltam 1 | LING faltam 1,2,2,0.375186,1,0.449858,0.3,"0.000001,0.251144,0.748419,0.000436,0.000000","0.000000,1.000000,0.000000,0.000000,0.000000","0.005630,0.612847,0.381489,0.000034,0.000000",0.3,L,H,L,L,0.642857,0.253968,0.238095,5.254824,0.021376,0.000043,0.000084,0.016322,0.016486,0.032808,0.070332,0.326824,5.581648,2,2,"cloud,web",1,1,mobile,1,0,,3,2,"aws lambda,react",1,0,,1,1,android,3,2,"javascript,python",2,0,,2,1,kotlin,"Domínio: Cloud
Ecossistema: AWS Lambda
Linguagens: Python

Match (requisitos do projeto):
DOM: M (1/2)[cloud] S (0/1)[] C (0/1)[]
ECO: M (1/3)[aws lambda] S (0/1)[] C (0/1)[]
LING: M (1/3)[python] S (0/2)[] C (0/2)[]

Colaboração (somente com membros desta equipe):
438-297: SEM_COMUM
438-461: SEM_COMUM
438-558: SEM_COMUM","Domínio: Mobile
Ecossistema: Android
Linguagens: Kotlin

Match (requisitos do projeto):
DOM: M (0/2)[] S (1/1)[mobile] C (0/1)[]
ECO: M (0/3)[] S (0/1)[] C (1/1)[android]
LING: M (0/3)[] S (0/2)[] C (1/2)[kotlin]

Colaboração (somente com membros desta equipe):
558-297: SEM_COMUM
558-438: P85(,osf=0.784,slf=0.538) | 558-461: P183(,osf=0.476,slf=0.842); P184(,osf=0.615,slf=0.450); P188(,osf=0.655,slf=0.631); P219(,osf=0.351,slf=0.534); P269(,osf=0.400,slf=0.408); P274(,osf=0.411,slf=0.591)
558-461: SEM_COMUM","Domínio: Web
Ecossistema: React
Linguagens: JavaScript

Match (requisitos do projeto):
DOM: M (1/2)[web] S (0/1)[] C (0/1)[]
ECO: M (1/3)[react] S (0/1)[] C (0/1)[]
LING: M (1/3)[javascript] S (0/2)[] C (0/2)[]

Colaboração (somente com membros desta equipe):
461-297: SEM_COMUM
461-438: SEM_COMUM
461-558: P183(,osf=0.476,slf=0.842); P184(,osf=0.615,slf=0.450); P188(,osf=0.655,slf=0.631); P219(,osf=0.351,slf=0.534); P269(,osf=0.400,slf=0.408); P274(,osf=0.411,slf=0.591)","Domínio: Web
Ecossistema: Node.js
Linguagens: JavaScript

Match (requisitos do projeto):
DOM: M (1/2)[web] S (0/1)[] C (0/1)[]
ECO: M (0/3)[] S (0/1)[] C (0/1)[]
LING: M (1/3)[javascript] S (0/2)[] C (0/2)[]

Colaboração (somente com membros desta equipe):
297-438: SEM_COMUM
297-461: SEM_COMUM
297-558: SEM_COMUM"
P5,,P5-TEAM2,[Dev324;Dev439;Dev370;Dev250],0.350739,0.1,"0.377368,0.616817,0.005815,0.000000,0.000000",2/2,1/1,0/1,2/3,0/1,1/1,2/3,0/2,2/2,FALSE,ECO faltam 1 | LING faltam 1,2,3,0.225689,2,0.350739,0.1,"0.000421,0.745465,0.254113,0.000002,0.000000","1.000000,0.000000,0.000000,0.000000,0.000000","0.377368,0.616817,0.005815,0.000000,0.000000",0.1,VL,M,L,L,0.428572,0.253968,0.253968,5.254824,0.022502,0.000038,0.000076,0.015887,0.010962,0.026849,0.067753,0.326824,5.581648,2,2,"cloud,web",1,1,mobile,1,0,,3,2,"aws lambda,react",1,0,,1,1,android,3,2,"javascript,python",2,0,,2,2,"kotlin,swift","Domínio: Mobile
Ecossistema: Android
Linguagens: Kotlin

Match (requisitos do projeto):
DOM: M (0/2)[] S (1/1)[mobile] C (0/1)[]
ECO: M (0/3)[] S (0/1)[] C (1/1)[android]
LING: M (0/3)[] S (0/2)[] C (1/2)[kotlin]

Colaboração (somente com membros desta equipe):
324-250: SEM_COMUM
324-370: SEM_COMUM
324-439: SEM_COMUM","Domínio: Web
Ecossistema: React
Linguagens: JavaScript

Match (requisitos do projeto):
DOM: M (1/2)[web] S (0/1)[] C (0/1)[]
ECO: M (1/3)[react] S (0/1)[] C (0/1)[]
LING: M (1/3)[javascript] S (0/2)[] C (0/2)[]

Colaboração (somente com membros desta equipe):
439-250: SEM_COMUM
439-324: SEM_COMUM
439-370: SEM_COMUM","Domínio: Mobile
Ecossistema: iOS/iPadOS
Linguagens: Swift

Match (requisitos do projeto):
DOM: M (0/2)[] S (1/1)[mobile] C (0/1)[]
ECO: M (0/3)[] S (0/1)[] C (0/1)[]
LING: M (0/3)[] S (0/2)[] C (1/2)[swift]

Colaboração (somente com membros desta equipe):
370-250: SEM_COMUM
370-324: SEM_COMUM
370-439: SEM_COMUM","Domínio: Cloud
Ecossistema: AWS Lambda
Linguagens: Python

Match (requisitos do projeto):
DOM: M (1/2)[cloud] S (0/1)[] C (0/1)[]
ECO: M (1/3)[aws lambda] S (0/1)[] C (0/1)[]
LING: M (1/3)[python] S (0/2)[] C (0/2)[]

Colaboração (somente com membros desta equipe):
250-324: SEM_COMUM
250-370: SEM_COMUM
250-439: SEM_COMUM"
P5,,P5-TEAM3,[Dev331;Dev36;Dev181;Dev494],0.150789,0.3,"0.683021,0.311090,0.005890,0.000000,0.000000",1/2,1/1,0/1,1/3,0/1,1/1,1/3,0/2,2/2,FALSE,DOM faltam 1 | ECO faltam 2 | LING faltam 2,5,2,0.164574,4,0.150789,0.3,"0.746058,0.253940,0.000002,0.000000,0.000000","0.000000,1.000000,0.000000,0.000000,0.000000","0.683021,0.311090,0.005890,0.000000,0.000000",0.2,L,L,VL,VL,0.214286,0.111111,0.111111,5.254824,0.019987,0.000185,0.000086,0.013042,0.011868,0.024909,0.061318,0.326824,5.581648,2,1,cloud,1,1,mobile,1,0,,3,1,aws lambda,1,0,,1,1,android,3,1,python,2,0,,2,2,"kotlin,swift","Domínio: Mobile
Ecossistema: iOS/iPadOS
Linguagens: Swift

Match (requisitos do projeto):
DOM: M (0/2)[] S (1/1)[mobile] C (0/1)[]
ECO: M (0/3)[] S (0/1)[] C (0/1)[]
LING: M (0/3)[] S (0/2)[] C (1/2)[swift]

Colaboração (somente com membros desta equipe):
331-36: SEM_COMUM
331-181: SEM_COMUM
331-494: SEM_COMUM","Domínio: Mobile
Ecossistema: Android
Linguagens: Kotlin

Match (requisitos do projeto):
DOM: M (0/2)[] S (1/1)[mobile] C (0/1)[]
ECO: M (0/3)[] S (0/1)[] C (1/1)[android]
LING: M (0/3)[] S (0/2)[] C (1/2)[kotlin]

Colaboração (somente com membros desta equipe):
36-181: P82(,osf=0.567,slf=0.737)
36-331: SEM_COMUM
36-494: SEM_COMUM","Domínio: Cloud
Ecossistema: AWS Lambda
Linguagens: Python

Match (requisitos do projeto):
DOM: M (1/2)[cloud] S (0/1)[] C (0/1)[]
ECO: M (1/3)[aws lambda] S (0/1)[] C (0/1)[]
LING: M (1/3)[python] S (0/2)[] C (0/2)[]

Colaboração (somente com membros desta equipe):
181-36: P82(,osf=0.567,slf=0.737)
181-331: SEM_COMUM
181-494: SEM_COMUM","Domínio: Cloud
Ecossistema: AWS Lambda
Linguagens: Python

Match (requisitos do projeto):
DOM: M (1/2)[cloud] S (0/1)[] C (0/1)[]
ECO: M (1/3)[aws lambda] S (0/1)[] C (0/1)[]
LING: M (1/3)[python] S (0/2)[] C (0/2)[]

Colaboração (somente com membros desta equipe):
494-36: SEM_COMUM
494-181: SEM_COMUM
494-331: SEM_COMUM"
P5,,P5-TEAM4,[Dev479;Dev389;Dev357;Dev316],0.289675,0.1,"0.522661,0.477140,0.000199,0.000000,0.000000",1/2,1/1,0/1,0/3,0/1,1/1,2/3,0/2,1/2,FALSE,DOM faltam 1 | ECO faltam 3 | LING faltam 1,5,4,0.195508,3,0.289675,0.1,"0.059028,0.933567,0.007405,0.000000,0.000000","1.000000,0.000000,0.000000,0.000000,0.000000","0.522661,0.477140,0.000199,0.000000,0.000000",0.1,VL,L,VL,L,0.214286,0,0.238095,5.254824,0.019355,0.000037,0.000075,0.0123,0.01009,0.02239,0.058132,0.326824,5.581648,2,1,web,1,1,mobile,1,0,,3,0,,1,0,,1,1,android,3,2,"javascript,typescript",2,0,,2,1,kotlin,"Domínio: Web
Ecossistema: Angular
Linguagens: TypeScript

Match (requisitos do projeto):
DOM: M (1/2)[web] S (0/1)[] C (0/1)[]
ECO: M (0/3)[] S (0/1)[] C (0/1)[]
LING: M (1/3)[typescript] S (0/2)[] C (0/2)[]

Colaboração (somente com membros desta equipe):
479-316: SEM_COMUM
479-357: SEM_COMUM
479-389: SEM_COMUM","Domínio: Mobile
Ecossistema: Android
Linguagens: Kotlin

Match (requisitos do projeto):
DOM: M (0/2)[] S (1/1)[mobile] C (0/1)[]
ECO: M (0/3)[] S (0/1)[] C (1/1)[android]
LING: M (0/3)[] S (0/2)[] C (1/2)[kotlin]

Colaboração (somente com membros desta equipe):
389-316: SEM_COMUM
389-357: SEM_COMUM
389-479: SEM_COMUM","Domínio: Web
Ecossistema: Node.js
Linguagens: JavaScript

Match (requisitos do projeto):
DOM: M (1/2)[web] S (0/1)[] C (0/1)[]
ECO: M (0/3)[] S (0/1)[] C (0/1)[]
LING: M (1/3)[javascript] S (0/2)[] C (0/2)[]

Colaboração (somente com membros desta equipe):
357-316: SEM_COMUM
357-389: SEM_COMUM
357-479: SEM_COMUM","Domínio: Web
Ecossistema: Node.js
Linguagens: JavaScript

Match (requisitos do projeto):
DOM: M (1/2)[web] S (0/1)[] C (0/1)[]
ECO: M (0/3)[] S (0/1)[] C (0/1)[]
LING: M (1/3)[javascript] S (0/2)[] C (0/2)[]

Colaboração (somente com membros desta equipe):
316-357: SEM_COMUM
316-389: SEM_COMUM
316-479: SEM_COMUM"
P6,Plataforma Crítica de Hardware Embarcado,P6-TEAM0,[Dev65;Dev71;Dev63;Dev261],0.249664,0.3,"0.245577,0.736874,0.017549,0.000000,0.000000",2/2,1/1,1/1,2/2,1/1,2/2,1/1,1/1,1/1,TRUE,OK,0,2,0.254395,2,0.249664,0.3,"0.252112,0.747457,0.000431,0.000000,0.000000","0.000000,1.000000,0.000000,0.000000,0.000000","0.245577,0.736874,0.017549,0.000000,0.000000",0.2,L,M,VL,VL,0.428572,0,0,5.254824,0.010076,0.000039,0.000077,0.014783,0.008968,0.02375,0.047542,0.293823,5.548647,2,2,"embedded,hardware",1,1,iot,1,1,cloud,2,2,"desenvolvimento de placa,pcb",1,1,eletrônica (circuitos lógicos e analógicos),3,3,"analisador lógico),instrumentação (osciloscópio,prototipação",1,1,c,1,1,c++,1,1,python,"Domínio: IoT, Web, Embedded
Ecossistema: iOS/iPadOS, PCB, Prototipação
Linguagens: C++, Java, C

Match (requisitos do projeto):
DOM: M (1/2)[embedded] S (1/1)[iot] C (0/1)[]
ECO: M (1/2)[pcb] S (0/1)[] C (1/2)[prototipação]
LING: M (1/1)[c] S (1/1)[c++] C (0/1)[]

Colaboração (somente com membros desta equipe):
65-71: SEM_COMUM
65-63: SEM_COMUM
65-261: P11(osf=0.460,slf=0.781); P76(osf=0.821,slf=0.637); P118(osf=0.593,slf=0.504)","Domínio: IoT, Web, Hardware
Ecossistema: iOS/iPadOS, Desenvolvimento de Placa
Linguagens: HTML, JavaScript, Python, C

Match (requisitos do projeto):
DOM: M (1/2)[hardware] S (1/1)[iot] C (0/1)[]
ECO: M (1/2)[desenvolvimento de placa] S (0/1)[] C (0/2)[]
LING: M (1/1)[c] S (0/1)[] C (1/1)[python]

Colaboração (somente com membros desta equipe):
71-63: SEM_COMUM
71-65: SEM_COMUM
71-261: SEM_COMUM","Domínio: IoT
Ecossistema: Eletrônica (circuitos lógicos e analógicos)
Linguagens: Lua, Java

Match (requisitos do projeto):
DOM: M (0/2)[] S (1/1)[iot] C (0/1)[]
ECO: M (0/2)[] S (1/1)[eletrônica (circuitos lógicos e analógicos)] C (0/2)[]
LING: M (0/1)[] S (0/1)[] C (0/1)[]

Colaboração (somente com membros desta equipe):
63-71: SEM_COMUM
63-65: SEM_COMUM
63-261: SEM_COMUM","Domínio: Cloud
Ecossistema: AWS Lambda, Instrumentação (osciloscópio, analisador lógico)
Linguagens: Python

Match (requisitos do projeto):
DOM: M (0/2)[] S (0/1)[] C (1/1)[cloud]
ECO: M (0/2)[] S (0/1)[] C (1/2)[instrumentação (osciloscópio, analisador lógico)]
LING: M (0/1)[] S (0/1)[] C (1/1)[python]

Colaboração (somente com membros desta equipe):
261-71: SEM_COMUM
261-63: SEM_COMUM
261-65: P76(osf=0.821,slf=0.637); P11(osf=0.460,slf=0.781); P118(osf=0.593,slf=0.504)"
P6,"DOM M[Hardware, Embedded] S[IoT] C[Cloud]
ECO M[PCB, Desenvolvimento de Placa] S[Eletrônica (circuitos lógicos e analógicos)] C[Instrumentação (osciloscópio, analisador lógico), Prototipação]
LING M[C] S[C++] C[Python]",P6-TEAM1,[Dev508;Dev193;Dev36;Dev335],0.249664,0.5,"0.191098,0.739495,0.069397,0.000010,0.000000",2/2,1/1,1/1,2/2,1/1,2/2,1/1,1/1,1/1,TRUE,OK,0,1,0.275664,1,0.249664,0.5,"0.252112,0.747457,0.000431,0.000000,0.000000","0.000000,0.000000,1.000000,0.000000,0.000000","0.191098,0.739495,0.069397,0.000010,0.000000",0.5,M,M,VL,VL,0.428572,0,0,5.254824,0.020596,0.000036,0.000074,0.010941,0.010486,0.021427,0.055546,0.293823,5.548647,2,2,"embedded,hardware",1,1,iot,1,1,cloud,2,2,"desenvolvimento de placa,pcb",1,1,eletrônica (circuitos lógicos e analógicos),3,3,"analisador lógico),instrumentação (osciloscópio,prototipação",1,1,c,1,1,c++,1,1,python,"Domínio: Web, Embedded
Ecossistema: React, PCB
Linguagens: JavaScript, C

Match (requisitos do projeto):
DOM: M (1/2)[embedded] S (0/1)[] C (0/1)[]
ECO: M (1/2)[pcb] S (0/1)[] C (0/2)[]
LING: M (1/1)[c] S (0/1)[] C (0/1)[]

Colaboração (somente com membros desta equipe):
508-36: SEM_COMUM
508-193: SEM_COMUM
508-335: SEM_COMUM","Domínio: Web, Hardware
Ecossistema: Spring Boot, Desenvolvimento de Placa
Linguagens: Java, C++, Python

Match (requisitos do projeto):
DOM: M (1/2)[hardware] S (0/1)[] C (0/1)[]
ECO: M (1/2)[desenvolvimento de placa] S (0/1)[] C (0/2)[]
LING: M (0/1)[] S (1/1)[c++] C (1/1)[python]

Colaboração (somente com membros desta equipe):
193-36: SEM_COMUM
193-335: SEM_COMUM
193-508: SEM_COMUM","Domínio: Mobile, IoT
Ecossistema: Android, Eletrônica (circuitos lógicos e analógicos), Prototipação
Linguagens: Kotlin, C++

Match (requisitos do projeto):
DOM: M (0/2)[] S (1/1)[iot] C (0/1)[]
ECO: M (0/2)[] S (1/1)[eletrônica (circuitos lógicos e analógicos)] C (1/2)[prototipação]
LING: M (0/1)[] S (1/1)[c++] C (0/1)[]

Colaboração (somente com membros desta equipe):
36-193: SEM_COMUM
36-335: SEM_COMUM
36-508: SEM_COMUM","Domínio: Desktop, Cloud
Ecossistema: .NET, Instrumentação (osciloscópio, analisador lógico)
Linguagens: C#, C

Match (requisitos do projeto):
DOM: M (0/2)[] S (0/1)[] C (1/1)[cloud]
ECO: M (0/2)[] S (0/1)[] C (1/2)[instrumentação (osciloscópio, analisador lógico)]
LING: M (1/1)[c] S (0/1)[] C (0/1)[]

Colaboração (somente com membros desta equipe):
335-508: P196(osf=0.888,slf=0.339)
335-193: P85(osf=0.784,slf=0.538); P82(osf=0.567,slf=0.737)
335-36: P82(osf=0.567,slf=0.737)"
P6,,P6-TEAM2,[Dev242;Dev168;Dev446;Dev93],0.249664,0.3,"0.245577,0.736874,0.017549,0.000000,0.000000",2/2,1/1,1/1,2/2,1/1,2/2,1/1,1/1,1/1,TRUE,OK,0,2,0.254395,3,0.249664,0.3,"0.252112,0.747457,0.000431,0.000000,0.000000","0.000000,1.000000,0.000000,0.000000,0.000000","0.245577,0.736874,0.017549,0.000000,0.000000",0.2,L,M,VL,VL,0.428572,0,0,5.254824,0.019091,0.000037,0.000077,0.010917,0.009746,0.020663,0.056261,0.293823,5.548647,2,2,"embedded,hardware",1,1,iot,1,1,cloud,2,2,"desenvolvimento de placa,pcb",1,1,eletrônica (circuitos lógicos e analógicos),3,3,"analisador lógico),instrumentação (osciloscópio,prototipação",1,1,c,1,1,c++,1,1,python,"Domínio: Web, Embedded, Hardware
Ecossistema: Node.js, PCB
Linguagens: JavaScript, C, C++

Match (requisitos do projeto):
DOM: M (2/2)[hardware, embedded] S (0/1)[] C (0/1)[]
ECO: M (1/2)[pcb] S (0/1)[] C (0/2)[]
LING: M (1/1)[c] S (1/1)[c++] C (0/1)[]

Colaboração (somente com membros desta equipe):
242-93: SEM_COMUM
242-168: SEM_COMUM
242-446: SEM_COMUM","Domínio: Mobile, IoT
Ecossistema: Android, Eletrônica (circuitos lógicos e analógicos)
Linguagens: Kotlin

Match (requisitos do projeto):
DOM: M (0/2)[] S (1/1)[iot] C (0/1)[]
ECO: M (0/2)[] S (1/1)[eletrônica (circuitos lógicos e analógicos)] C (0/2)[]
LING: M (0/1)[] S (0/1)[] C (0/1)[]

Colaboração (somente com membros desta equipe [Dev242, Dev168, Dev446, Dev93]):
168-242: SEM_COMUM
168-446: SEM_COMUM
168-93: SEM_COMUM","Domínio: Mobile
Ecossistema: Android, Desenvolvimento de Placa, Prototipação
Linguagens: Kotlin

Match (requisitos do projeto):
DOM: M (0/2)[] S (0/1)[] C (0/1)[]
ECO: M (1/2)[desenvolvimento de placa] S (0/1)[] C (1/2)[prototipação]
LING: M (0/1)[] S (0/1)[] C (0/1)[]

Colaboração (somente com membros desta equipe):
446-93: SEM_COMUM
446-168: SEM_COMUM
446-242: SEM_COMUM","Domínio: Desktop, Cloud
Ecossistema: .NET, Instrumentação (osciloscópio, analisador lógico)
Linguagens: C#, Python

Match (requisitos do projeto):
DOM: M (0/2)[] S (0/1)[] C (1/1)[cloud]
ECO: M (0/2)[] S (0/1)[] C (1/2)[instrumentação (osciloscópio, analisador lógico)]
LING: M (0/1)[] S (0/1)[] C (1/1)[python]

Colaboração (somente com membros desta equipe):
93-168: SEM_COMUM
93-242: SEM_COMUM
93-446: SEM_COMUM"
P6,,P6-TEAM3,[Dev568;Dev463;Dev7;Dev498],0.10468,0.5,"0.729460,0.268379,0.002161,0.000000,0.000000",0/2,0/1,0/1,0/2,0/1,0/3,0/1,0/1,0/1,FALSE,DOM faltam 2 | ECO faltam 2 | LING faltam 1,5,5,0.15454,4,0.10468,0.5,"0.976598,0.023402,0.000000,0.000000,0.000000","0.000000,0.000000,1.000000,0.000000,0.000000","0.729460,0.268379,0.002161,0.000000,0.000000",0.5,M,VL,VL,VL,0,0,0,5.254824,0.021218,0.000044,0.00009,0.009895,0.012192,0.022087,0.064419,0.293823,5.548647,2,0,,1,0,,1,0,,2,0,,1,0,,3,0,,1,0,,1,0,,1,0,,"Domínio: Web
 Ecossistema: React
 Linguagens: JavaScript
 
 Match (requisitos do projeto):
 DOM: M (0/2)[] S (0/1)[] C (0/1)[]
 ECO: M (0/2)[] S (0/1)[] C (0/2)[]
 LING: M (0/1)[] S (0/1)[] C (0/1)[]
 
 Colaboração (somente com membros desta equipe [Dev568, Dev463, Dev7, Dev498]):
 568-463: P184(osf=0.615,slf=0.450); P272(osf=0.487,slf=0.637); P274(osf=0.411,slf=0.591)
 568-7: SEM_COMUM
 568-498: SEM_COMUM","Domínio: Web
 Ecossistema: Vue
 Linguagens: JavaScript
 
 Match (requisitos do projeto):
 DOM: M (0/2)[] S (0/1)[] C (0/1)[]
 ECO: M (0/2)[] S (0/1)[] C (0/3)[]
 LING: M (0/1)[] S (0/1)[] C (0/1)[]
 
 Colaboração (somente com membros desta equipe):
 463-7: SEM_COMUM
 463-498: SEM_COMUM
 463-568: SEM_COMUM","Domínio: Web
 Ecossistema: React
 Linguagens: JavaScript
 
 Match (requisitos do projeto):
 DOM: M (0/2)[] S (0/1)[] C (0/1)[]
 ECO: M (0/2)[] S (0/1)[] C (0/3)[]
 LING: M (0/1)[] S (0/1)[] C (0/1)[]
 
 Colaboração (somente com membros desta equipe):
 7-463: SEM_COMUM
 7-498: SEM_COMUM
 7-568: SEM_COMUM","Domínio: Mobile
 Ecossistema: Android
 Linguagens: Kotlin
 
 Match (requisitos do projeto):
 DOM: M (0/2)[] S (0/1)[] C (0/1)[]
 ECO: M (0/2)[] S (0/1)[] C (0/2)[]
 LING: M (0/1)[] S (1/1)[kotlin] C (0/1)[]
 
 Colaboração (somente com membros desta equipe [Dev568, Dev463, Dev7, Dev498]):
 498-568: SEM_COMUM
 498-463: P85(osf=0.784,slf=0.538); P82(osf=0.567,slf=0.737)
 498-7: P85(osf=0.784,slf=0.538); P82(osf=0.567,slf=0.737)"
P6,,P6-TEAM4,[Dev67;Dev94;Dev291;Dev450],0.10468,0.3,"0.887185,0.112272,0.000543,0.000000,0.000000",0/2,0/1,0/1,0/2,0/1,0/3,0/1,0/1,0/1,FALSE,DOM faltam 2 | ECO faltam 2 | LING faltam 1,5,5,0.122672,5,0.10468,0.3,"0.976598,0.023402,0.000000,0.000000,0.000000","0.000000,1.000000,0.000000,0.000000,0.000000","0.887185,0.112272,0.000543,0.000000,0.000000",0.2,L,VL,VL,VL,0,0,0,5.254824,0.0245,0.000032,0.000067,0.011147,0.009613,0.02076,0.066305,0.293823,5.548647,2,0,,1,0,,1,0,,2,0,,1,0,,3,0,,1,0,,1,0,,1,0,,"Domínio: Web
 Ecossistema: Spring Boot
 Linguagens: Java
 
 Match (requisitos do projeto):
 DOM: M (0/2)[] S (0/1)[] C (0/1)[]
 ECO: M (0/2)[] S (0/1)[] C (0/2)[]
 LING: M (0/1)[] S (0/1)[] C (0/1)[]
 
 Colaboração (somente com membros desta equipe [Dev498, Dev67, Dev94, Dev291]):
 67-498: SEM_COMUM
 67-94: SEM_COMUM
 67-291: SEM_COMUM","Domínio: Web
 Ecossistema: Vue
 Linguagens: JavaScript
 
 Match (requisitos do projeto):
 DOM: M (0/2)[] S (0/1)[] C (0/1)[]
 ECO: M (0/2)[] S (0/1)[] C (0/2)[]
 LING: M (0/1)[] S (0/1)[] C (0/1)[]
 
 Colaboração (somente com membros desta equipe [Dev498, Dev67, Dev94, Dev291]):
 94-498: SEM_COMUM
 94-67: SEM_COMUM
 94-291: P82(osf=0.567,slf=0.737)","Domínio: Desktop
 Ecossistema: .NET
 Linguagens: C#
 
 Match (requisitos do projeto):
 DOM: M (0/2)[] S (0/1)[] C (0/1)[]
 ECO: M (0/2)[] S (0/1)[] C (0/2)[]
 LING: M (0/1)[] S (0/1)[] C (0/1)[]
 
 Colaboração (somente com membros desta equipe [Dev498, Dev67, Dev94, Dev291]):
 291-498: SEM_COMUM
 291-67: SEM_COMUM
 291-94: P82(osf=0.567,slf=0.737)","Domínio: Desktop
 Ecossistema: .NET
 Linguagens: C#
 
 Match (requisitos do projeto):
 DOM: M (0/2)[] S (0/1)[] C (0/1)[]
 ECO: M (0/2)[] S (0/1)[] C (0/3)[]
 LING: M (0/1)[] S (0/1)[] C (0/1)[]
 
 Colaboração (somente com membros desta equipe):
 450-67: SEM_COMUM
 450-94: SEM_COMUM
 450-291: SEM_COMUM"
,,,,,,dist_AE,,,,,,,,,,,,,,,,,,,,,,,,,,,,,,,,,,,,,,,,,,,,,,,,,,,,,,,,,,,,,,,,,,,,,
,,,,,,"0.683021,0.311090,0.005890,0.000000,0.000000",,,,,,,,,,,,,,,,,,,,,,,,,,,,,,,,,,,,,,,,,,,,,,,,,,,,,,,,,,,,,,,,,,,,,
,,,,,,"0.965397,0.034603,0.000001,0.000000,0.000000",,,,,,,,,,,,,,,,,,,,,,,,,,,,,,,,,,,,,,,,,,,,,,,,,,,,,,,,,,,,,,,,,,,,,
,,,,,,"0.887185,0.112272,0.000543,0.000000,0.000000",,,,,,,,,,,,,,,,,,,,,,,,,,,,,,,,,,,,,,,,,,,,,,,,,,,,,,,,,,,,,,,,,,,,,
,,,,,,"0.000000,0.013369,0.766883,0.219735,0.000013",,,,,,,,,,,,,,,,,,,,,,,,,,,,,,,,,,,,,,,,,,,,,,,,,,,,,,,,,,,,,,,,,,,,,
,,,,,,"0.855042,0.144949,0.000008,0.000000,0.000000",,,,,,,,,,,,,,,,,,,,,,,,,,,,,,,,,,,,,,,,,,,,,,,,,,,,,,,,,,,,,,,,,,,,,
,,,,,,"0.191098,0.739495,0.069397,0.000010,0.000000",,,,,,,,,,,,,,,,,,,,,,,,,,,,,,,,,,,,,,,,,,,,,,,,,,,,,,,,,,,,,,,,,,,,,
,,,,,,"0.729460,0.268379,0.002161,0.000000,0.000000",,,,,,,,,,,,,,,,,,,,,,,,,,,,,,,,,,,,,,,,,,,,,,,,,,,,,,,,,,,,,,,,,,,,,
,,,,,,"0.191098,0.739495,0.069397,0.000010,0.000000",,,,,,,,,,,,,,,,,,,,,,,,,,,,,,,,,,,,,,,,,,,,,,,,,,,,,,,,,,,,,,,,,,,,,
,,,,,,"0.191098,0.739495,0.069397,0.000010,0.000000",,,,,,,,,,,,,,,,,,,,,,,,,,,,,,,,,,,,,,,,,,,,,,,,,,,,,,,,,,,,,,,,,,,,,
,,,,,,"0.001366,0.522405,0.476033,0.000196,0.000000",,,,,,,,,,,,,,,,,,,,,,,,,,,,,,,,,,,,,,,,,,,,,,,,,,,,,,,,,,,,,,,,,,,,,
,,,,,,"0.017010,0.837974,0.145007,0.000008,0.000000",,,,,,,,,,,,,,,,,,,,,,,,,,,,,,,,,,,,,,,,,,,,,,,,,,,,,,,,,,,,,,,,,,,,,
,,,,,,"0.965397,0.034603,0.000001,0.000000,0.000000",,,,,,,,,,,,,,,,,,,,,,,,,,,,,,,,,,,,,,,,,,,,,,,,,,,,,,,,,,,,,,,,,,,,,
,,,,,,"0.965397,0.034603,0.000001,0.000000,0.000000",,,,,,,,,,,,,,,,,,,,,,,,,,,,,,,,,,,,,,,,,,,,,,,,,,,,,,,,,,,,,,,,,,,,,
,,,,,,"0.965397,0.034603,0.000001,0.000000,0.000000",,,,,,,,,,,,,,,,,,,,,,,,,,,,,,,,,,,,,,,,,,,,,,,,,,,,,,,,,,,,,,,,,,,,,
,,,,,,"0.965397,0.034603,0.000001,0.000000,0.000000",,,,,,,,,,,,,,,,,,,,,,,,,,,,,,,,,,,,,,,,,,,,,,,,,,,,,,,,,,,,,,,,,,,,,
,,,,,,"0.000549,0.499784,0.499120,0.000546,0.000000",,,,,,,,,,,,,,,,,,,,,,,,,,,,,,,,,,,,,,,,,,,,,,,,,,,,,,,,,,,,,,,,,,,,,
,,,,,,"0.003004,0.558446,0.438478,0.000072,0.000000",,,,,,,,,,,,,,,,,,,,,,,,,,,,,,,,,,,,,,,,,,,,,,,,,,,,,,,,,,,,,,,,,,,,,
,,,,,,"0.000223,0.074956,0.899971,0.024850,0.000000",,,,,,,,,,,,,,,,,,,,,,,,,,,,,,,,,,,,,,,,,,,,,,,,,,,,,,,,,,,,,,,,,,,,,
,,,,,,"0.017060,0.838823,0.144108,0.000008,0.000000",,,,,,,,,,,,,,,,,,,,,,,,,,,,,,,,,,,,,,,,,,,,,,,,,,,,,,,,,,,,,,,,,,,,,
,,,,,,"0.003004,0.558446,0.438478,0.000072,0.000000",,,,,,,,,,,,,,,,,,,,,,,,,,,,,,,,,,,,,,,,,,,,,,,,,,,,,,,,,,,,,,,,,,,,,
,,,,,,"0.855042,0.144949,0.000008,0.000000,0.000000",,,,,,,,,,,,,,,,,,,,,,,,,,,,,,,,,,,,,,,,,,,,,,,,,,,,,,,,,,,,,,,,,,,,,
,,,,,,"0.005630,0.612847,0.381489,0.000034,0.000000",,,,,,,,,,,,,,,,,,,,,,,,,,,,,,,,,,,,,,,,,,,,,,,,,,,,,,,,,,,,,,,,,,,,,
,,,,,,"0.377368,0.616817,0.005815,0.000000,0.000000",,,,,,,,,,,,,,,,,,,,,,,,,,,,,,,,,,,,,,,,,,,,,,,,,,,,,,,,,,,,,,,,,,,,,
,,,,,,"0.683021,0.311090,0.005890,0.000000,0.000000",,,,,,,,,,,,,,,,,,,,,,,,,,,,,,,,,,,,,,,,,,,,,,,,,,,,,,,,,,,,,,,,,,,,,
,,,,,,"0.522661,0.477140,0.000199,0.000000,0.000000",,,,,,,,,,,,,,,,,,,,,,,,,,,,,,,,,,,,,,,,,,,,,,,,,,,,,,,,,,,,,,,,,,,,,
,,,,,,"0.245577,0.736874,0.017549,0.000000,0.000000",,,,,,,,,,,,,,,,,,,,,,,,,,,,,,,,,,,,,,,,,,,,,,,,,,,,,,,,,,,,,,,,,,,,,
,,,,,,"0.191098,0.739495,0.069397,0.000010,0.000000",,,,,,,,,,,,,,,,,,,,,,,,,,,,,,,,,,,,,,,,,,,,,,,,,,,,,,,,,,,,,,,,,,,,,
,,,,,,"0.245577,0.736874,0.017549,0.000000,0.000000",,,,,,,,,,,,,,,,,,,,,,,,,,,,,,,,,,,,,,,,,,,,,,,,,,,,,,,,,,,,,,,,,,,,,
,,,,,,"0.729460,0.268379,0.002161,0.000000,0.000000",,,,,,,,,,,,,,,,,,,,,,,,,,,,,,,,,,,,,,,,,,,,,,,,,,,,,,,,,,,,,,,,,,,,,
,,,,,,"0.887185,0.112272,0.000543,0.000000,0.000000",,,,,,,,,,,,,,,,,,,,,,,,,,,,,,,,,,,,,,,,,,,,,,,,,,,,,,,,,,,,,,,,,,,,,
,,,,,,dist_AE,,,,,,,,,,,,,,,,,,,,,,,,,,,,,,,,,,,,,,,,,,,,,,,,,,,,,,,,,,,,,,,,,,,,,
,,,,,,"0.683021,0.311090,0.005890,0.000000,0.000000",,,,,,,,,,,,,,,,,,,,,,,,,,,,,,,,,,,,,,,,,,,,,,,,,,,,,,,,,,,,,,,,,,,,,
,,,,,,"0.965397,0.034603,0.000001,0.000000,0.000000",,,,,,,,,,,,,,,,,,,,,,,,,,,,,,,,,,,,,,,,,,,,,,,,,,,,,,,,,,,,,,,,,,,,,
,,,,,,"0.887185,0.112272,0.000543,0.000000,0.000000",,,,,,,,,,,,,,,,,,,,,,,,,,,,,,,,,,,,,,,,,,,,,,,,,,,,,,,,,,,,,,,,,,,,,
,,,,,,"0.000000,0.013369,0.766883,0.219735,0.000013",,,,,,,,,,,,,,,,,,,,,,,,,,,,,,,,,,,,,,,,,,,,,,,,,,,,,,,,,,,,,,,,,,,,,
,,,,,,"0.855042,0.144949,0.000008,0.000000,0.000000",,,,,,,,,,,,,,,,,,,,,,,,,,,,,,,,,,,,,,,,,,,,,,,,,,,,,,,,,,,,,,,,,,,,,
,,,,,,"0.191098,0.739495,0.069397,0.000010,0.000000",,,,,,,,,,,,,,,,,,,,,,,,,,,,,,,,,,,,,,,,,,,,,,,,,,,,,,,,,,,,,,,,,,,,,
,,,,,,"0.729460,0.268379,0.002161,0.000000,0.000000",,,,,,,,,,,,,,,,,,,,,,,,,,,,,,,,,,,,,,,,,,,,,,,,,,,,,,,,,,,,,,,,,,,,,
,,,,,,"0.191098,0.739495,0.069397,0.000010,0.000000",,,,,,,,,,,,,,,,,,,,,,,,,,,,,,,,,,,,,,,,,,,,,,,,,,,,,,,,,,,,,,,,,,,,,
,,,,,,"0.191098,0.739495,0.069397,0.000010,0.000000",,,,,,,,,,,,,,,,,,,,,,,,,,,,,,,,,,,,,,,,,,,,,,,,,,,,,,,,,,,,,,,,,,,,,
,,,,,,"0.001366,0.522405,0.476033,0.000196,0.000000",,,,,,,,,,,,,,,,,,,,,,,,,,,,,,,,,,,,,,,,,,,,,,,,,,,,,,,,,,,,,,,,,,,,,
,,,,,,"0.017010,0.837974,0.145007,0.000008,0.000000",,,,,,,,,,,,,,,,,,,,,,,,,,,,,,,,,,,,,,,,,,,,,,,,,,,,,,,,,,,,,,,,,,,,,
,,,,,,"0.965397,0.034603,0.000001,0.000000,0.000000",,,,,,,,,,,,,,,,,,,,,,,,,,,,,,,,,,,,,,,,,,,,,,,,,,,,,,,,,,,,,,,,,,,,,
,,,,,,"0.965397,0.034603,0.000001,0.000000,0.000000",,,,,,,,,,,,,,,,,,,,,,,,,,,,,,,,,,,,,,,,,,,,,,,,,,,,,,,,,,,,,,,,,,,,,
,,,,,,"0.965397,0.034603,0.000001,0.000000,0.000000",,,,,,,,,,,,,,,,,,,,,,,,,,,,,,,,,,,,,,,,,,,,,,,,,,,,,,,,,,,,,,,,,,,,,
,,,,,,"0.965397,0.034603,0.000001,0.000000,0.000000",,,,,,,,,,,,,,,,,,,,,,,,,,,,,,,,,,,,,,,,,,,,,,,,,,,,,,,,,,,,,,,,,,,,,
,,,,,,"0.000549,0.499784,0.499120,0.000546,0.000000",,,,,,,,,,,,,,,,,,,,,,,,,,,,,,,,,,,,,,,,,,,,,,,,,,,,,,,,,,,,,,,,,,,,,
,,,,,,"0.003004,0.558446,0.438478,0.000072,0.000000",,,,,,,,,,,,,,,,,,,,,,,,,,,,,,,,,,,,,,,,,,,,,,,,,,,,,,,,,,,,,,,,,,,,,
,,,,,,"0.000223,0.074956,0.899971,0.024850,0.000000",,,,,,,,,,,,,,,,,,,,,,,,,,,,,,,,,,,,,,,,,,,,,,,,,,,,,,,,,,,,,,,,,,,,,
,,,,,,"0.017060,0.838823,0.144108,0.000008,0.000000",,,,,,,,,,,,,,,,,,,,,,,,,,,,,,,,,,,,,,,,,,,,,,,,,,,,,,,,,,,,,,,,,,,,,
,,,,,,"0.003004,0.558446,0.438478,0.000072,0.000000",,,,,,,,,,,,,,,,,,,,,,,,,,,,,,,,,,,,,,,,,,,,,,,,,,,,,,,,,,,,,,,,,,,,,
,,,,,,"0.855042,0.144949,0.000008,0.000000,0.000000",,,,,,,,,,,,,,,,,,,,,,,,,,,,,,,,,,,,,,,,,,,,,,,,,,,,,,,,,,,,,,,,,,,,,
,,,,,,"0.005630,0.612847,0.381489,0.000034,0.000000",,,,,,,,,,,,,,,,,,,,,,,,,,,,,,,,,,,,,,,,,,,,,,,,,,,,,,,,,,,,,,,,,,,,,
,,,,,,"0.377368,0.616817,0.005815,0.000000,0.000000",,,,,,,,,,,,,,,,,,,,,,,,,,,,,,,,,,,,,,,,,,,,,,,,,,,,,,,,,,,,,,,,,,,,,
,,,,,,"0.683021,0.311090,0.005890,0.000000,0.000000",,,,,,,,,,,,,,,,,,,,,,,,,,,,,,,,,,,,,,,,,,,,,,,,,,,,,,,,,,,,,,,,,,,,,
,,,,,,"0.522661,0.477140,0.000199,0.000000,0.000000",,,,,,,,,,,,,,,,,,,,,,,,,,,,,,,,,,,,,,,,,,,,,,,,,,,,,,,,,,,,,,,,,,,,,
,,,,,,"0.245577,0.736874,0.017549,0.000000,0.000000",,,,,,,,,,,,,,,,,,,,,,,,,,,,,,,,,,,,,,,,,,,,,,,,,,,,,,,,,,,,,,,,,,,,,
,,,,,,"0.191098,0.739495,0.069397,0.000010,0.000000",,,,,,,,,,,,,,,,,,,,,,,,,,,,,,,,,,,,,,,,,,,,,,,,,,,,,,,,,,,,,,,,,,,,,
,,,,,,"0.245577,0.736874,0.017549,0.000000,0.000000",,,,,,,,,,,,,,,,,,,,,,,,,,,,,,,,,,,,,,,,,,,,,,,,,,,,,,,,,,,,,,,,,,,,,
,,,,,,"0.729460,0.268379,0.002161,0.000000,0.000000",,,,,,,,,,,,,,,,,,,,,,,,,,,,,,,,,,,,,,,,,,,,,,,,,,,,,,,,,,,,,,,,,,,,,
,,,,,,"0.887185,0.112272,0.000543,0.000000,0.000000",,,,,,,,,,,,,,,,,,,,,,,,,,,,,,,,,,,,,,,,,,,,,,,,,,,,,,,,,,,,,,,,,,,,,
,,,,,,dist_AE,,,,,,,,,,,,,,,,,,,,,,,,,,,,,,,,,,,,,,,,,,,,,,,,,,,,,,,,,,,,,,,,,,,,,
,,,,,,"0.683021,0.311090,0.005890,0.000000,0.000000",,,,,,,,,,,,,,,,,,,,,,,,,,,,,,,,,,,,,,,,,,,,,,,,,,,,,,,,,,,,,,,,,,,,,
,,,,,,"0.965397,0.034603,0.000001,0.000000,0.000000",,,,,,,,,,,,,,,,,,,,,,,,,,,,,,,,,,,,,,,,,,,,,,,,,,,,,,,,,,,,,,,,,,,,,
,,,,,,"0.887185,0.112272,0.000543,0.000000,0.000000",,,,,,,,,,,,,,,,,,,,,,,,,,,,,,,,,,,,,,,,,,,,,,,,,,,,,,,,,,,,,,,,,,,,,
,,,,,,"0.000000,0.013369,0.766883,0.219735,0.000013",,,,,,,,,,,,,,,,,,,,,,,,,,,,,,,,,,,,,,,,,,,,,,,,,,,,,,,,,,,,,,,,,,,,,
,,,,,,"0.855042,0.144949,0.000008,0.000000,0.000000",,,,,,,,,,,,,,,,,,,,,,,,,,,,,,,,,,,,,,,,,,,,,,,,,,,,,,,,,,,,,,,,,,,,,
,,,,,,"0.191098,0.739495,0.069397,0.000010,0.000000",,,,,,,,,,,,,,,,,,,,,,,,,,,,,,,,,,,,,,,,,,,,,,,,,,,,,,,,,,,,,,,,,,,,,
,,,,,,"0.729460,0.268379,0.002161,0.000000,0.000000",,,,,,,,,,,,,,,,,,,,,,,,,,,,,,,,,,,,,,,,,,,,,,,,,,,,,,,,,,,,,,,,,,,,,
,,,,,,"0.191098,0.739495,0.069397,0.000010,0.000000",,,,,,,,,,,,,,,,,,,,,,,,,,,,,,,,,,,,,,,,,,,,,,,,,,,,,,,,,,,,,,,,,,,,,
,,,,,,"0.191098,0.739495,0.069397,0.000010,0.000000",,,,,,,,,,,,,,,,,,,,,,,,,,,,,,,,,,,,,,,,,,,,,,,,,,,,,,,,,,,,,,,,,,,,,
,,,,,,"0.001366,0.522405,0.476033,0.000196,0.000000",,,,,,,,,,,,,,,,,,,,,,,,,,,,,,,,,,,,,,,,,,,,,,,,,,,,,,,,,,,,,,,,,,,,,
,,,,,,"0.017010,0.837974,0.145007,0.000008,0.000000",,,,,,,,,,,,,,,,,,,,,,,,,,,,,,,,,,,,,,,,,,,,,,,,,,,,,,,,,,,,,,,,,,,,,
,,,,,,"0.965397,0.034603,0.000001,0.000000,0.000000",,,,,,,,,,,,,,,,,,,,,,,,,,,,,,,,,,,,,,,,,,,,,,,,,,,,,,,,,,,,,,,,,,,,,
,,,,,,"0.965397,0.034603,0.000001,0.000000,0.000000",,,,,,,,,,,,,,,,,,,,,,,,,,,,,,,,,,,,,,,,,,,,,,,,,,,,,,,,,,,,,,,,,,,,,
,,,,,,"0.965397,0.034603,0.000001,0.000000,0.000000",,,,,,,,,,,,,,,,,,,,,,,,,,,,,,,,,,,,,,,,,,,,,,,,,,,,,,,,,,,,,,,,,,,,,
,,,,,,"0.965397,0.034603,0.000001,0.000000,0.000000",,,,,,,,,,,,,,,,,,,,,,,,,,,,,,,,,,,,,,,,,,,,,,,,,,,,,,,,,,,,,,,,,,,,,
,,,,,,"0.000549,0.499784,0.499120,0.000546,0.000000",,,,,,,,,,,,,,,,,,,,,,,,,,,,,,,,,,,,,,,,,,,,,,,,,,,,,,,,,,,,,,,,,,,,,
,,,,,,"0.003004,0.558446,0.438478,0.000072,0.000000",,,,,,,,,,,,,,,,,,,,,,,,,,,,,,,,,,,,,,,,,,,,,,,,,,,,,,,,,,,,,,,,,,,,,
,,,,,,"0.000223,0.074956,0.899971,0.024850,0.000000",,,,,,,,,,,,,,,,,,,,,,,,,,,,,,,,,,,,,,,,,,,,,,,,,,,,,,,,,,,,,,,,,,,,,
,,,,,,"0.017060,0.838823,0.144108,0.000008,0.000000",,,,,,,,,,,,,,,,,,,,,,,,,,,,,,,,,,,,,,,,,,,,,,,,,,,,,,,,,,,,,,,,,,,,,
,,,,,,"0.003004,0.558446,0.438478,0.000072,0.000000",,,,,,,,,,,,,,,,,,,,,,,,,,,,,,,,,,,,,,,,,,,,,,,,,,,,,,,,,,,,,,,,,,,,,
,,,,,,"0.855042,0.144949,0.000008,0.000000,0.000000",,,,,,,,,,,,,,,,,,,,,,,,,,,,,,,,,,,,,,,,,,,,,,,,,,,,,,,,,,,,,,,,,,,,,
,,,,,,"0.005630,0.612847,0.381489,0.000034,0.000000",,,,,,,,,,,,,,,,,,,,,,,,,,,,,,,,,,,,,,,,,,,,,,,,,,,,,,,,,,,,,,,,,,,,,
,,,,,,"0.377368,0.616817,0.005815,0.000000,0.000000",,,,,,,,,,,,,,,,,,,,,,,,,,,,,,,,,,,,,,,,,,,,,,,,,,,,,,,,,,,,,,,,,,,,,
,,,,,,"0.683021,0.311090,0.005890,0.000000,0.000000",,,,,,,,,,,,,,,,,,,,,,,,,,,,,,,,,,,,,,,,,,,,,,,,,,,,,,,,,,,,,,,,,,,,,
,,,,,,"0.522661,0.477140,0.000199,0.000000,0.000000",,,,,,,,,,,,,,,,,,,,,,,,,,,,,,,,,,,,,,,,,,,,,,,,,,,,,,,,,,,,,,,,,,,,,
,,,,,,"0.245577,0.736874,0.017549,0.000000,0.000000",,,,,,,,,,,,,,,,,,,,,,,,,,,,,,,,,,,,,,,,,,,,,,,,,,,,,,,,,,,,,,,,,,,,,
,,,,,,"0.191098,0.739495,0.069397,0.000010,0.000000",,,,,,,,,,,,,,,,,,,,,,,,,,,,,,,,,,,,,,,,,,,,,,,,,,,,,,,,,,,,,,,,,,,,,
,,,,,,"0.245577,0.736874,0.017549,0.000000,0.000000",,,,,,,,,,,,,,,,,,,,,,,,,,,,,,,,,,,,,,,,,,,,,,,,,,,,,,,,,,,,,,,,,,,,,
,,,,,,"0.729460,0.268379,0.002161,0.000000,0.000000",,,,,,,,,,,,,,,,,,,,,,,,,,,,,,,,,,,,,,,,,,,,,,,,,,,,,,,,,,,,,,,,,,,,,
,,,,,,"0.887185,0.112272,0.000543,0.000000,0.000000",,,,,,,,,,,,,,,,,,,,,,,,,,,,,,,,,,,,,,,,,,,,,,,,,,,,,,,,,,,,,,,,,,,,,
,,,,,,dist_AE,,,,,,,,,,,,,,,,,,,,,,,,,,,,,,,,,,,,,,,,,,,,,,,,,,,,,,,,,,,,,,,,,,,,,
,,,,,,"0.683021,0.311090,0.005890,0.000000,0.000000",,,,,,,,,,,,,,,,,,,,,,,,,,,,,,,,,,,,,,,,,,,,,,,,,,,,,,,,,,,,,,,,,,,,,
,,,,,,"0.965397,0.034603,0.000001,0.000000,0.000000",,,,,,,,,,,,,,,,,,,,,,,,,,,,,,,,,,,,,,,,,,,,,,,,,,,,,,,,,,,,,,,,,,,,,
,,,,,,"0.887185,0.112272,0.000543,0.000000,0.000000",,,,,,,,,,,,,,,,,,,,,,,,,,,,,,,,,,,,,,,,,,,,,,,,,,,,,,,,,,,,,,,,,,,,,
,,,,,,"0.000000,0.013369,0.766883,0.219735,0.000013",,,,,,,,,,,,,,,,,,,,,,,,,,,,,,,,,,,,,,,,,,,,,,,,,,,,,,,,,,,,,,,,,,,,,
,,,,,,"0.855042,0.144949,0.000008,0.000000,0.000000",,,,,,,,,,,,,,,,,,,,,,,,,,,,,,,,,,,,,,,,,,,,,,,,,,,,,,,,,,,,,,,,,,,,,
,,,,,,"0.191098,0.739495,0.069397,0.000010,0.000000",,,,,,,,,,,,,,,,,,,,,,,,,,,,,,,,,,,,,,,,,,,,,,,,,,,,,,,,,,,,,,,,,,,,,
,,,,,,"0.729460,0.268379,0.002161,0.000000,0.000000",,,,,,,,,,,,,,,,,,,,,,,,,,,,,,,,,,,,,,,,,,,,,,,,,,,,,,,,,,,,,,,,,,,,,
,,,,,,"0.191098,0.739495,0.069397,0.000010,0.000000",,,,,,,,,,,,,,,,,,,,,,,,,,,,,,,,,,,,,,,,,,,,,,,,,,,,,,,,,,,,,,,,,,,,,
,,,,,,"0.191098,0.739495,0.069397,0.000010,0.000000",,,,,,,,,,,,,,,,,,,,,,,,,,,,,,,,,,,,,,,,,,,,,,,,,,,,,,,,,,,,,,,,,,,,,
,,,,,,"0.001366,0.522405,0.476033,0.000196,0.000000",,,,,,,,,,,,,,,,,,,,,,,,,,,,,,,,,,,,,,,,,,,,,,,,,,,,,,,,,,,,,,,,,,,,,
,,,,,,"0.017010,0.837974,0.145007,0.000008,0.000000",,,,,,,,,,,,,,,,,,,,,,,,,,,,,,,,,,,,,,,,,,,,,,,,,,,,,,,,,,,,,,,,,,,,,
,,,,,,"0.965397,0.034603,0.000001,0.000000,0.000000",,,,,,,,,,,,,,,,,,,,,,,,,,,,,,,,,,,,,,,,,,,,,,,,,,,,,,,,,,,,,,,,,,,,,
,,,,,,"0.965397,0.034603,0.000001,0.000000,0.000000",,,,,,,,,,,,,,,,,,,,,,,,,,,,,,,,,,,,,,,,,,,,,,,,,,,,,,,,,,,,,,,,,,,,,
,,,,,,"0.965397,0.034603,0.000001,0.000000,0.000000",,,,,,,,,,,,,,,,,,,,,,,,,,,,,,,,,,,,,,,,,,,,,,,,,,,,,,,,,,,,,,,,,,,,,
,,,,,,"0.965397,0.034603,0.000001,0.000000,0.000000",,,,,,,,,,,,,,,,,,,,,,,,,,,,,,,,,,,,,,,,,,,,,,,,,,,,,,,,,,,,,,,,,,,,,
,,,,,,"0.000549,0.499784,0.499120,0.000546,0.000000",,,,,,,,,,,,,,,,,,,,,,,,,,,,,,,,,,,,,,,,,,,,,,,,,,,,,,,,,,,,,,,,,,,,,
,,,,,,"0.003004,0.558446,0.438478,0.000072,0.000000",,,,,,,,,,,,,,,,,,,,,,,,,,,,,,,,,,,,,,,,,,,,,,,,,,,,,,,,,,,,,,,,,,,,,
,,,,,,"0.000223,0.074956,0.899971,0.024850,0.000000",,,,,,,,,,,,,,,,,,,,,,,,,,,,,,,,,,,,,,,,,,,,,,,,,,,,,,,,,,,,,,,,,,,,,
,,,,,,"0.017060,0.838823,0.144108,0.000008,0.000000",,,,,,,,,,,,,,,,,,,,,,,,,,,,,,,,,,,,,,,,,,,,,,,,,,,,,,,,,,,,,,,,,,,,,
,,,,,,"0.003004,0.558446,0.438478,0.000072,0.000000",,,,,,,,,,,,,,,,,,,,,,,,,,,,,,,,,,,,,,,,,,,,,,,,,,,,,,,,,,,,,,,,,,,,,
,,,,,,"0.855042,0.144949,0.000008,0.000000,0.000000",,,,,,,,,,,,,,,,,,,,,,,,,,,,,,,,,,,,,,,,,,,,,,,,,,,,,,,,,,,,,,,,,,,,,
,,,,,,"0.005630,0.612847,0.381489,0.000034,0.000000",,,,,,,,,,,,,,,,,,,,,,,,,,,,,,,,,,,,,,,,,,,,,,,,,,,,,,,,,,,,,,,,,,,,,
,,,,,,"0.377368,0.616817,0.005815,0.000000,0.000000",,,,,,,,,,,,,,,,,,,,,,,,,,,,,,,,,,,,,,,,,,,,,,,,,,,,,,,,,,,,,,,,,,,,,
,,,,,,"0.683021,0.311090,0.005890,0.000000,0.000000",,,,,,,,,,,,,,,,,,,,,,,,,,,,,,,,,,,,,,,,,,,,,,,,,,,,,,,,,,,,,,,,,,,,,
,,,,,,"0.522661,0.477140,0.000199,0.000000,0.000000",,,,,,,,,,,,,,,,,,,,,,,,,,,,,,,,,,,,,,,,,,,,,,,,,,,,,,,,,,,,,,,,,,,,,
,,,,,,"0.245577,0.736874,0.017549,0.000000,0.000000",,,,,,,,,,,,,,,,,,,,,,,,,,,,,,,,,,,,,,,,,,,,,,,,,,,,,,,,,,,,,,,,,,,,,
,,,,,,"0.191098,0.739495,0.069397,0.000010,0.000000",,,,,,,,,,,,,,,,,,,,,,,,,,,,,,,,,,,,,,,,,,,,,,,,,,,,,,,,,,,,,,,,,,,,,
,,,,,,"0.245577,0.736874,0.017549,0.000000,0.000000",,,,,,,,,,,,,,,,,,,,,,,,,,,,,,,,,,,,,,,,,,,,,,,,,,,,,,,,,,,,,,,,,,,,,
,,,,,,"0.729460,0.268379,0.002161,0.000000,0.000000",,,,,,,,,,,,,,,,,,,,,,,,,,,,,,,,,,,,,,,,,,,,,,,,,,,,,,,,,,,,,,,,,,,,,
,,,,,,"0.887185,0.112272,0.000543,0.000000,0.000000",,,,,,,,,,,,,,,,,,,,,,,,,,,,,,,,,,,,,,,,,,,,,,,,,,,,,,,,,,,,,,,,,,,,,
,,,,,,dist_AE,,,,,,,,,,,,,,,,,,,,,,,,,,,,,,,,,,,,,,,,,,,,,,,,,,,,,,,,,,,,,,,,,,,,,
,,,,,,"0.683021,0.311090,0.005890,0.000000,0.000000",,,,,,,,,,,,,,,,,,,,,,,,,,,,,,,,,,,,,,,,,,,,,,,,,,,,,,,,,,,,,,,,,,,,,
,,,,,,"0.965397,0.034603,0.000001,0.000000,0.000000",,,,,,,,,,,,,,,,,,,,,,,,,,,,,,,,,,,,,,,,,,,,,,,,,,,,,,,,,,,,,,,,,,,,,
,,,,,,"0.887185,0.112272,0.000543,0.000000,0.000000",,,,,,,,,,,,,,,,,,,,,,,,,,,,,,,,,,,,,,,,,,,,,,,,,,,,,,,,,,,,,,,,,,,,,
,,,,,,"0.000000,0.013369,0.766883,0.219735,0.000013",,,,,,,,,,,,,,,,,,,,,,,,,,,,,,,,,,,,,,,,,,,,,,,,,,,,,,,,,,,,,,,,,,,,,
,,,,,,"0.855042,0.144949,0.000008,0.000000,0.000000",,,,,,,,,,,,,,,,,,,,,,,,,,,,,,,,,,,,,,,,,,,,,,,,,,,,,,,,,,,,,,,,,,,,,
,,,,,,"0.191098,0.739495,0.069397,0.000010,0.000000",,,,,,,,,,,,,,,,,,,,,,,,,,,,,,,,,,,,,,,,,,,,,,,,,,,,,,,,,,,,,,,,,,,,,
,,,,,,"0.729460,0.268379,0.002161,0.000000,0.000000",,,,,,,,,,,,,,,,,,,,,,,,,,,,,,,,,,,,,,,,,,,,,,,,,,,,,,,,,,,,,,,,,,,,,
,,,,,,"0.191098,0.739495,0.069397,0.000010,0.000000",,,,,,,,,,,,,,,,,,,,,,,,,,,,,,,,,,,,,,,,,,,,,,,,,,,,,,,,,,,,,,,,,,,,,
,,,,,,"0.191098,0.739495,0.069397,0.000010,0.000000",,,,,,,,,,,,,,,,,,,,,,,,,,,,,,,,,,,,,,,,,,,,,,,,,,,,,,,,,,,,,,,,,,,,,
,,,,,,"0.001366,0.522405,0.476033,0.000196,0.000000",,,,,,,,,,,,,,,,,,,,,,,,,,,,,,,,,,,,,,,,,,,,,,,,,,,,,,,,,,,,,,,,,,,,,
,,,,,,"0.017010,0.837974,0.145007,0.000008,0.000000",,,,,,,,,,,,,,,,,,,,,,,,,,,,,,,,,,,,,,,,,,,,,,,,,,,,,,,,,,,,,,,,,,,,,
,,,,,,"0.965397,0.034603,0.000001,0.000000,0.000000",,,,,,,,,,,,,,,,,,,,,,,,,,,,,,,,,,,,,,,,,,,,,,,,,,,,,,,,,,,,,,,,,,,,,
,,,,,,"0.965397,0.034603,0.000001,0.000000,0.000000",,,,,,,,,,,,,,,,,,,,,,,,,,,,,,,,,,,,,,,,,,,,,,,,,,,,,,,,,,,,,,,,,,,,,
,,,,,,"0.965397,0.034603,0.000001,0.000000,0.000000",,,,,,,,,,,,,,,,,,,,,,,,,,,,,,,,,,,,,,,,,,,,,,,,,,,,,,,,,,,,,,,,,,,,,
,,,,,,"0.965397,0.034603,0.000001,0.000000,0.000000",,,,,,,,,,,,,,,,,,,,,,,,,,,,,,,,,,,,,,,,,,,,,,,,,,,,,,,,,,,,,,,,,,,,,
,,,,,,"0.000549,0.499784,0.499120,0.000546,0.000000",,,,,,,,,,,,,,,,,,,,,,,,,,,,,,,,,,,,,,,,,,,,,,,,,,,,,,,,,,,,,,,,,,,,,
,,,,,,"0.003004,0.558446,0.438478,0.000072,0.000000",,,,,,,,,,,,,,,,,,,,,,,,,,,,,,,,,,,,,,,,,,,,,,,,,,,,,,,,,,,,,,,,,,,,,
,,,,,,"0.000223,0.074956,0.899971,0.024850,0.000000",,,,,,,,,,,,,,,,,,,,,,,,,,,,,,,,,,,,,,,,,,,,,,,,,,,,,,,,,,,,,,,,,,,,,
,,,,,,"0.017060,0.838823,0.144108,0.000008,0.000000",,,,,,,,,,,,,,,,,,,,,,,,,,,,,,,,,,,,,,,,,,,,,,,,,,,,,,,,,,,,,,,,,,,,,
,,,,,,"0.003004,0.558446,0.438478,0.000072,0.000000",,,,,,,,,,,,,,,,,,,,,,,,,,,,,,,,,,,,,,,,,,,,,,,,,,,,,,,,,,,,,,,,,,,,,
,,,,,,"0.855042,0.144949,0.000008,0.000000,0.000000",,,,,,,,,,,,,,,,,,,,,,,,,,,,,,,,,,,,,,,,,,,,,,,,,,,,,,,,,,,,,,,,,,,,,
,,,,,,"0.005630,0.612847,0.381489,0.000034,0.000000",,,,,,,,,,,,,,,,,,,,,,,,,,,,,,,,,,,,,,,,,,,,,,,,,,,,,,,,,,,,,,,,,,,,,
,,,,,,"0.377368,0.616817,0.005815,0.000000,0.000000",,,,,,,,,,,,,,,,,,,,,,,,,,,,,,,,,,,,,,,,,,,,,,,,,,,,,,,,,,,,,,,,,,,,,
,,,,,,"0.683021,0.311090,0.005890,0.000000,0.000000",,,,,,,,,,,,,,,,,,,,,,,,,,,,,,,,,,,,,,,,,,,,,,,,,,,,,,,,,,,,,,,,,,,,,
,,,,,,"0.522661,0.477140,0.000199,0.000000,0.000000",,,,,,,,,,,,,,,,,,,,,,,,,,,,,,,,,,,,,,,,,,,,,,,,,,,,,,,,,,,,,,,,,,,,,
,,,,,,"0.245577,0.736874,0.017549,0.000000,0.000000",,,,,,,,,,,,,,,,,,,,,,,,,,,,,,,,,,,,,,,,,,,,,,,,,,,,,,,,,,,,,,,,,,,,,
,,,,,,"0.191098,0.739495,0.069397,0.000010,0.000000",,,,,,,,,,,,,,,,,,,,,,,,,,,,,,,,,,,,,,,,,,,,,,,,,,,,,,,,,,,,,,,,,,,,,
,,,,,,"0.245577,0.736874,0.017549,0.000000,0.000000",,,,,,,,,,,,,,,,,,,,,,,,,,,,,,,,,,,,,,,,,,,,,,,,,,,,,,,,,,,,,,,,,,,,,
,,,,,,"0.729460,0.268379,0.002161,0.000000,0.000000",,,,,,,,,,,,,,,,,,,,,,,,,,,,,,,,,,,,,,,,,,,,,,,,,,,,,,,,,,,,,,,,,,,,,
,,,,,,"0.887185,0.112272,0.000543,0.000000,0.000000",,,,,,,,,,,,,,,,,,,,,,,,,,,,,,,,,,,,,,,,,,,,,,,,,,,,,,,,,,,,,,,,,,,,,
,,,,,,dist_AE,,,,,,,,,,,,,,,,,,,,,,,,,,,,,,,,,,,,,,,,,,,,,,,,,,,,,,,,,,,,,,,,,,,,,
,,,,,,"0.683021,0.311090,0.005890,0.000000,0.000000",,,,,,,,,,,,,,,,,,,,,,,,,,,,,,,,,,,,,,,,,,,,,,,,,,,,,,,,,,,,,,,,,,,,,
,,,,,,"0.965397,0.034603,0.000001,0.000000,0.000000",,,,,,,,,,,,,,,,,,,,,,,,,,,,,,,,,,,,,,,,,,,,,,,,,,,,,,,,,,,,,,,,,,,,,
,,,,,,"0.887185,0.112272,0.000543,0.000000,0.000000",,,,,,,,,,,,,,,,,,,,,,,,,,,,,,,,,,,,,,,,,,,,,,,,,,,,,,,,,,,,,,,,,,,,,
,,,,,,"0.000000,0.013369,0.766883,0.219735,0.000013",,,,,,,,,,,,,,,,,,,,,,,,,,,,,,,,,,,,,,,,,,,,,,,,,,,,,,,,,,,,,,,,,,,,,
,,,,,,"0.855042,0.144949,0.000008,0.000000,0.000000",,,,,,,,,,,,,,,,,,,,,,,,,,,,,,,,,,,,,,,,,,,,,,,,,,,,,,,,,,,,,,,,,,,,,
,,,,,,"0.191098,0.739495,0.069397,0.000010,0.000000",,,,,,,,,,,,,,,,,,,,,,,,,,,,,,,,,,,,,,,,,,,,,,,,,,,,,,,,,,,,,,,,,,,,,
,,,,,,"0.729460,0.268379,0.002161,0.000000,0.000000",,,,,,,,,,,,,,,,,,,,,,,,,,,,,,,,,,,,,,,,,,,,,,,,,,,,,,,,,,,,,,,,,,,,,
,,,,,,"0.191098,0.739495,0.069397,0.000010,0.000000",,,,,,,,,,,,,,,,,,,,,,,,,,,,,,,,,,,,,,,,,,,,,,,,,,,,,,,,,,,,,,,,,,,,,
,,,,,,"0.191098,0.739495,0.069397,0.000010,0.000000",,,,,,,,,,,,,,,,,,,,,,,,,,,,,,,,,,,,,,,,,,,,,,,,,,,,,,,,,,,,,,,,,,,,,
,,,,,,"0.001366,0.522405,0.476033,0.000196,0.000000",,,,,,,,,,,,,,,,,,,,,,,,,,,,,,,,,,,,,,,,,,,,,,,,,,,,,,,,,,,,,,,,,,,,,
,,,,,,"0.017010,0.837974,0.145007,0.000008,0.000000",,,,,,,,,,,,,,,,,,,,,,,,,,,,,,,,,,,,,,,,,,,,,,,,,,,,,,,,,,,,,,,,,,,,,
,,,,,,"0.965397,0.034603,0.000001,0.000000,0.000000",,,,,,,,,,,,,,,,,,,,,,,,,,,,,,,,,,,,,,,,,,,,,,,,,,,,,,,,,,,,,,,,,,,,,
,,,,,,"0.965397,0.034603,0.000001,0.000000,0.000000",,,,,,,,,,,,,,,,,,,,,,,,,,,,,,,,,,,,,,,,,,,,,,,,,,,,,,,,,,,,,,,,,,,,,
,,,,,,"0.965397,0.034603,0.000001,0.000000,0.000000",,,,,,,,,,,,,,,,,,,,,,,,,,,,,,,,,,,,,,,,,,,,,,,,,,,,,,,,,,,,,,,,,,,,,
,,,,,,"0.965397,0.034603,0.000001,0.000000,0.000000",,,,,,,,,,,,,,,,,,,,,,,,,,,,,,,,,,,,,,,,,,,,,,,,,,,,,,,,,,,,,,,,,,,,,
,,,,,,"0.000549,0.499784,0.499120,0.000546,0.000000",,,,,,,,,,,,,,,,,,,,,,,,,,,,,,,,,,,,,,,,,,,,,,,,,,,,,,,,,,,,,,,,,,,,,
,,,,,,"0.003004,0.558446,0.438478,0.000072,0.000000",,,,,,,,,,,,,,,,,,,,,,,,,,,,,,,,,,,,,,,,,,,,,,,,,,,,,,,,,,,,,,,,,,,,,
,,,,,,"0.000223,0.074956,0.899971,0.024850,0.000000",,,,,,,,,,,,,,,,,,,,,,,,,,,,,,,,,,,,,,,,,,,,,,,,,,,,,,,,,,,,,,,,,,,,,
,,,,,,"0.017060,0.838823,0.144108,0.000008,0.000000",,,,,,,,,,,,,,,,,,,,,,,,,,,,,,,,,,,,,,,,,,,,,,,,,,,,,,,,,,,,,,,,,,,,,
,,,,,,"0.003004,0.558446,0.438478,0.000072,0.000000",,,,,,,,,,,,,,,,,,,,,,,,,,,,,,,,,,,,,,,,,,,,,,,,,,,,,,,,,,,,,,,,,,,,,
,,,,,,"0.855042,0.144949,0.000008,0.000000,0.000000",,,,,,,,,,,,,,,,,,,,,,,,,,,,,,,,,,,,,,,,,,,,,,,,,,,,,,,,,,,,,,,,,,,,,
,,,,,,"0.005630,0.612847,0.381489,0.000034,0.000000",,,,,,,,,,,,,,,,,,,,,,,,,,,,,,,,,,,,,,,,,,,,,,,,,,,,,,,,,,,,,,,,,,,,,
,,,,,,"0.377368,0.616817,0.005815,0.000000,0.000000",,,,,,,,,,,,,,,,,,,,,,,,,,,,,,,,,,,,,,,,,,,,,,,,,,,,,,,,,,,,,,,,,,,,,
,,,,,,"0.683021,0.311090,0.005890,0.000000,0.000000",,,,,,,,,,,,,,,,,,,,,,,,,,,,,,,,,,,,,,,,,,,,,,,,,,,,,,,,,,,,,,,,,,,,,
,,,,,,"0.522661,0.477140,0.000199,0.000000,0.000000",,,,,,,,,,,,,,,,,,,,,,,,,,,,,,,,,,,,,,,,,,,,,,,,,,,,,,,,,,,,,,,,,,,,,
,,,,,,"0.245577,0.736874,0.017549,0.000000,0.000000",,,,,,,,,,,,,,,,,,,,,,,,,,,,,,,,,,,,,,,,,,,,,,,,,,,,,,,,,,,,,,,,,,,,,
,,,,,,"0.191098,0.739495,0.069397,0.000010,0.000000",,,,,,,,,,,,,,,,,,,,,,,,,,,,,,,,,,,,,,,,,,,,,,,,,,,,,,,,,,,,,,,,,,,,,
,,,,,,"0.245577,0.736874,0.017549,0.000000,0.000000",,,,,,,,,,,,,,,,,,,,,,,,,,,,,,,,,,,,,,,,,,,,,,,,,,,,,,,,,,,,,,,,,,,,,
,,,,,,"0.729460,0.268379,0.002161,0.000000,0.000000",,,,,,,,,,,,,,,,,,,,,,,,,,,,,,,,,,,,,,,,,,,,,,,,,,,,,,,,,,,,,,,,,,,,,
,,,,,,"0.887185,0.112272,0.000543,0.000000,0.000000",,,,,,,,,,,,,,,,,,,,,,,,,,,,,,,,,,,,,,,,,,,,,,,,,,,,,,,,,,,,,,,,,,,,,
,,,,,,dist_AE,,,,,,,,,,,,,,,,,,,,,,,,,,,,,,,,,,,,,,,,,,,,,,,,,,,,,,,,,,,,,,,,,,,,,
,,,,,,"0.683021,0.311090,0.005890,0.000000,0.000000",,,,,,,,,,,,,,,,,,,,,,,,,,,,,,,,,,,,,,,,,,,,,,,,,,,,,,,,,,,,,,,,,,,,,
,,,,,,"0.965397,0.034603,0.000001,0.000000,0.000000",,,,,,,,,,,,,,,,,,,,,,,,,,,,,,,,,,,,,,,,,,,,,,,,,,,,,,,,,,,,,,,,,,,,,
,,,,,,"0.887185,0.112272,0.000543,0.000000,0.000000",,,,,,,,,,,,,,,,,,,,,,,,,,,,,,,,,,,,,,,,,,,,,,,,,,,,,,,,,,,,,,,,,,,,,
,,,,,,"0.000000,0.013369,0.766883,0.219735,0.000013",,,,,,,,,,,,,,,,,,,,,,,,,,,,,,,,,,,,,,,,,,,,,,,,,,,,,,,,,,,,,,,,,,,,,
,,,,,,"0.855042,0.144949,0.000008,0.000000,0.000000",,,,,,,,,,,,,,,,,,,,,,,,,,,,,,,,,,,,,,,,,,,,,,,,,,,,,,,,,,,,,,,,,,,,,
,,,,,,"0.191098,0.739495,0.069397,0.000010,0.000000",,,,,,,,,,,,,,,,,,,,,,,,,,,,,,,,,,,,,,,,,,,,,,,,,,,,,,,,,,,,,,,,,,,,,
,,,,,,"0.729460,0.268379,0.002161,0.000000,0.000000",,,,,,,,,,,,,,,,,,,,,,,,,,,,,,,,,,,,,,,,,,,,,,,,,,,,,,,,,,,,,,,,,,,,,
,,,,,,"0.191098,0.739495,0.069397,0.000010,0.000000",,,,,,,,,,,,,,,,,,,,,,,,,,,,,,,,,,,,,,,,,,,,,,,,,,,,,,,,,,,,,,,,,,,,,
,,,,,,"0.191098,0.739495,0.069397,0.000010,0.000000",,,,,,,,,,,,,,,,,,,,,,,,,,,,,,,,,,,,,,,,,,,,,,,,,,,,,,,,,,,,,,,,,,,,,
,,,,,,"0.001366,0.522405,0.476033,0.000196,0.000000",,,,,,,,,,,,,,,,,,,,,,,,,,,,,,,,,,,,,,,,,,,,,,,,,,,,,,,,,,,,,,,,,,,,,
,,,,,,"0.017010,0.837974,0.145007,0.000008,0.000000",,,,,,,,,,,,,,,,,,,,,,,,,,,,,,,,,,,,,,,,,,,,,,,,,,,,,,,,,,,,,,,,,,,,,
,,,,,,"0.965397,0.034603,0.000001,0.000000,0.000000",,,,,,,,,,,,,,,,,,,,,,,,,,,,,,,,,,,,,,,,,,,,,,,,,,,,,,,,,,,,,,,,,,,,,
,,,,,,"0.965397,0.034603,0.000001,0.000000,0.000000",,,,,,,,,,,,,,,,,,,,,,,,,,,,,,,,,,,,,,,,,,,,,,,,,,,,,,,,,,,,,,,,,,,,,
,,,,,,"0.965397,0.034603,0.000001,0.000000,0.000000",,,,,,,,,,,,,,,,,,,,,,,,,,,,,,,,,,,,,,,,,,,,,,,,,,,,,,,,,,,,,,,,,,,,,
,,,,,,"0.965397,0.034603,0.000001,0.000000,0.000000",,,,,,,,,,,,,,,,,,,,,,,,,,,,,,,,,,,,,,,,,,,,,,,,,,,,,,,,,,,,,,,,,,,,,
,,,,,,"0.000549,0.499784,0.499120,0.000546,0.000000",,,,,,,,,,,,,,,,,,,,,,,,,,,,,,,,,,,,,,,,,,,,,,,,,,,,,,,,,,,,,,,,,,,,,
,,,,,,"0.003004,0.558446,0.438478,0.000072,0.000000",,,,,,,,,,,,,,,,,,,,,,,,,,,,,,,,,,,,,,,,,,,,,,,,,,,,,,,,,,,,,,,,,,,,,
,,,,,,"0.000223,0.074956,0.899971,0.024850,0.000000",,,,,,,,,,,,,,,,,,,,,,,,,,,,,,,,,,,,,,,,,,,,,,,,,,,,,,,,,,,,,,,,,,,,,
,,,,,,"0.017060,0.838823,0.144108,0.000008,0.000000",,,,,,,,,,,,,,,,,,,,,,,,,,,,,,,,,,,,,,,,,,,,,,,,,,,,,,,,,,,,,,,,,,,,,
,,,,,,"0.003004,0.558446,0.438478,0.000072,0.000000",,,,,,,,,,,,,,,,,,,,,,,,,,,,,,,,,,,,,,,,,,,,,,,,,,,,,,,,,,,,,,,,,,,,,
,,,,,,"0.855042,0.144949,0.000008,0.000000,0.000000",,,,,,,,,,,,,,,,,,,,,,,,,,,,,,,,,,,,,,,,,,,,,,,,,,,,,,,,,,,,,,,,,,,,,
,,,,,,"0.005630,0.612847,0.381489,0.000034,0.000000",,,,,,,,,,,,,,,,,,,,,,,,,,,,,,,,,,,,,,,,,,,,,,,,,,,,,,,,,,,,,,,,,,,,,
,,,,,,"0.377368,0.616817,0.005815,0.000000,0.000000",,,,,,,,,,,,,,,,,,,,,,,,,,,,,,,,,,,,,,,,,,,,,,,,,,,,,,,,,,,,,,,,,,,,,
,,,,,,"0.683021,0.311090,0.005890,0.000000,0.000000",,,,,,,,,,,,,,,,,,,,,,,,,,,,,,,,,,,,,,,,,,,,,,,,,,,,,,,,,,,,,,,,,,,,,
,,,,,,"0.522661,0.477140,0.000199,0.000000,0.000000",,,,,,,,,,,,,,,,,,,,,,,,,,,,,,,,,,,,,,,,,,,,,,,,,,,,,,,,,,,,,,,,,,,,,
,,,,,,"0.245577,0.736874,0.017549,0.000000,0.000000",,,,,,,,,,,,,,,,,,,,,,,,,,,,,,,,,,,,,,,,,,,,,,,,,,,,,,,,,,,,,,,,,,,,,
,,,,,,"0.191098,0.739495,0.069397,0.000010,0.000000",,,,,,,,,,,,,,,,,,,,,,,,,,,,,,,,,,,,,,,,,,,,,,,,,,,,,,,,,,,,,,,,,,,,,
,,,,,,"0.245577,0.736874,0.017549,0.000000,0.000000",,,,,,,,,,,,,,,,,,,,,,,,,,,,,,,,,,,,,,,,,,,,,,,,,,,,,,,,,,,,,,,,,,,,,
,,,,,,"0.729460,0.268379,0.002161,0.000000,0.000000",,,,,,,,,,,,,,,,,,,,,,,,,,,,,,,,,,,,,,,,,,,,,,,,,,,,,,,,,,,,,,,,,,,,,
,,,,,,"0.887185,0.112272,0.000543,0.000000,0.000000",,,,,,,,,,,,,,,,,,,,,,,,,,,,,,,,,,,,,,,,,,,,,,,,,,,,,,,,,,,,,,,,,,,,,
,,,,,,dist_AE,,,,,,,,,,,,,,,,,,,,,,,,,,,,,,,,,,,,,,,,,,,,,,,,,,,,,,,,,,,,,,,,,,,,,
,,,,,,"0.683021,0.311090,0.005890,0.000000,0.000000",,,,,,,,,,,,,,,,,,,,,,,,,,,,,,,,,,,,,,,,,,,,,,,,,,,,,,,,,,,,,,,,,,,,,
,,,,,,"0.965397,0.034603,0.000001,0.000000,0.000000",,,,,,,,,,,,,,,,,,,,,,,,,,,,,,,,,,,,,,,,,,,,,,,,,,,,,,,,,,,,,,,,,,,,,
,,,,,,"0.887185,0.112272,0.000543,0.000000,0.000000",,,,,,,,,,,,,,,,,,,,,,,,,,,,,,,,,,,,,,,,,,,,,,,,,,,,,,,,,,,,,,,,,,,,,
,,,,,,"0.000000,0.013369,0.766883,0.219735,0.000013",,,,,,,,,,,,,,,,,,,,,,,,,,,,,,,,,,,,,,,,,,,,,,,,,,,,,,,,,,,,,,,,,,,,,
,,,,,,"0.855042,0.144949,0.000008,0.000000,0.000000",,,,,,,,,,,,,,,,,,,,,,,,,,,,,,,,,,,,,,,,,,,,,,,,,,,,,,,,,,,,,,,,,,,,,
,,,,,,"0.191098,0.739495,0.069397,0.000010,0.000000",,,,,,,,,,,,,,,,,,,,,,,,,,,,,,,,,,,,,,,,,,,,,,,,,,,,,,,,,,,,,,,,,,,,,
,,,,,,"0.729460,0.268379,0.002161,0.000000,0.000000",,,,,,,,,,,,,,,,,,,,,,,,,,,,,,,,,,,,,,,,,,,,,,,,,,,,,,,,,,,,,,,,,,,,,
,,,,,,"0.191098,0.739495,0.069397,0.000010,0.000000",,,,,,,,,,,,,,,,,,,,,,,,,,,,,,,,,,,,,,,,,,,,,,,,,,,,,,,,,,,,,,,,,,,,,
,,,,,,"0.191098,0.739495,0.069397,0.000010,0.000000",,,,,,,,,,,,,,,,,,,,,,,,,,,,,,,,,,,,,,,,,,,,,,,,,,,,,,,,,,,,,,,,,,,,,
,,,,,,"0.001366,0.522405,0.476033,0.000196,0.000000",,,,,,,,,,,,,,,,,,,,,,,,,,,,,,,,,,,,,,,,,,,,,,,,,,,,,,,,,,,,,,,,,,,,,
,,,,,,"0.017010,0.837974,0.145007,0.000008,0.000000",,,,,,,,,,,,,,,,,,,,,,,,,,,,,,,,,,,,,,,,,,,,,,,,,,,,,,,,,,,,,,,,,,,,,
,,,,,,"0.965397,0.034603,0.000001,0.000000,0.000000",,,,,,,,,,,,,,,,,,,,,,,,,,,,,,,,,,,,,,,,,,,,,,,,,,,,,,,,,,,,,,,,,,,,,
,,,,,,"0.965397,0.034603,0.000001,0.000000,0.000000",,,,,,,,,,,,,,,,,,,,,,,,,,,,,,,,,,,,,,,,,,,,,,,,,,,,,,,,,,,,,,,,,,,,,
,,,,,,"0.965397,0.034603,0.000001,0.000000,0.000000",,,,,,,,,,,,,,,,,,,,,,,,,,,,,,,,,,,,,,,,,,,,,,,,,,,,,,,,,,,,,,,,,,,,,
,,,,,,"0.965397,0.034603,0.000001,0.000000,0.000000",,,,,,,,,,,,,,,,,,,,,,,,,,,,,,,,,,,,,,,,,,,,,,,,,,,,,,,,,,,,,,,,,,,,,
,,,,,,"0.000549,0.499784,0.499120,0.000546,0.000000",,,,,,,,,,,,,,,,,,,,,,,,,,,,,,,,,,,,,,,,,,,,,,,,,,,,,,,,,,,,,,,,,,,,,
,,,,,,"0.003004,0.558446,0.438478,0.000072,0.000000",,,,,,,,,,,,,,,,,,,,,,,,,,,,,,,,,,,,,,,,,,,,,,,,,,,,,,,,,,,,,,,,,,,,,
,,,,,,"0.000223,0.074956,0.899971,0.024850,0.000000",,,,,,,,,,,,,,,,,,,,,,,,,,,,,,,,,,,,,,,,,,,,,,,,,,,,,,,,,,,,,,,,,,,,,
,,,,,,"0.017060,0.838823,0.144108,0.000008,0.000000",,,,,,,,,,,,,,,,,,,,,,,,,,,,,,,,,,,,,,,,,,,,,,,,,,,,,,,,,,,,,,,,,,,,,
,,,,,,"0.003004,0.558446,0.438478,0.000072,0.000000",,,,,,,,,,,,,,,,,,,,,,,,,,,,,,,,,,,,,,,,,,,,,,,,,,,,,,,,,,,,,,,,,,,,,
,,,,,,"0.855042,0.144949,0.000008,0.000000,0.000000",,,,,,,,,,,,,,,,,,,,,,,,,,,,,,,,,,,,,,,,,,,,,,,,,,,,,,,,,,,,,,,,,,,,,
,,,,,,"0.005630,0.612847,0.381489,0.000034,0.000000",,,,,,,,,,,,,,,,,,,,,,,,,,,,,,,,,,,,,,,,,,,,,,,,,,,,,,,,,,,,,,,,,,,,,
,,,,,,"0.377368,0.616817,0.005815,0.000000,0.000000",,,,,,,,,,,,,,,,,,,,,,,,,,,,,,,,,,,,,,,,,,,,,,,,,,,,,,,,,,,,,,,,,,,,,
,,,,,,"0.683021,0.311090,0.005890,0.000000,0.000000",,,,,,,,,,,,,,,,,,,,,,,,,,,,,,,,,,,,,,,,,,,,,,,,,,,,,,,,,,,,,,,,,,,,,
,,,,,,"0.522661,0.477140,0.000199,0.000000,0.000000",,,,,,,,,,,,,,,,,,,,,,,,,,,,,,,,,,,,,,,,,,,,,,,,,,,,,,,,,,,,,,,,,,,,,
,,,,,,"0.245577,0.736874,0.017549,0.000000,0.000000",,,,,,,,,,,,,,,,,,,,,,,,,,,,,,,,,,,,,,,,,,,,,,,,,,,,,,,,,,,,,,,,,,,,,
,,,,,,"0.191098,0.739495,0.069397,0.000010,0.000000",,,,,,,,,,,,,,,,,,,,,,,,,,,,,,,,,,,,,,,,,,,,,,,,,,,,,,,,,,,,,,,,,,,,,
,,,,,,"0.245577,0.736874,0.017549,0.000000,0.000000",,,,,,,,,,,,,,,,,,,,,,,,,,,,,,,,,,,,,,,,,,,,,,,,,,,,,,,,,,,,,,,,,,,,,
,,,,,,"0.729460,0.268379,0.002161,0.000000,0.000000",,,,,,,,,,,,,,,,,,,,,,,,,,,,,,,,,,,,,,,,,,,,,,,,,,,,,,,,,,,,,,,,,,,,,
,,,,,,"0.887185,0.112272,0.000543,0.000000,0.000000",,,,,,,,,,,,,,,,,,,,,,,,,,,,,,,,,,,,,,,,,,,,,,,,,,,,,,,,,,,,,,,,,,,,,
,,,,,,dist_AE,,,,,,,,,,,,,,,,,,,,,,,,,,,,,,,,,,,,,,,,,,,,,,,,,,,,,,,,,,,,,,,,,,,,,
,,,,,,"0.683021,0.311090,0.005890,0.000000,0.000000",,,,,,,,,,,,,,,,,,,,,,,,,,,,,,,,,,,,,,,,,,,,,,,,,,,,,,,,,,,,,,,,,,,,,
,,,,,,"0.965397,0.034603,0.000001,0.000000,0.000000",,,,,,,,,,,,,,,,,,,,,,,,,,,,,,,,,,,,,,,,,,,,,,,,,,,,,,,,,,,,,,,,,,,,,
,,,,,,"0.887185,0.112272,0.000543,0.000000,0.000000",,,,,,,,,,,,,,,,,,,,,,,,,,,,,,,,,,,,,,,,,,,,,,,,,,,,,,,,,,,,,,,,,,,,,
,,,,,,"0.000000,0.013369,0.766883,0.219735,0.000013",,,,,,,,,,,,,,,,,,,,,,,,,,,,,,,,,,,,,,,,,,,,,,,,,,,,,,,,,,,,,,,,,,,,,
,,,,,,"0.855042,0.144949,0.000008,0.000000,0.000000",,,,,,,,,,,,,,,,,,,,,,,,,,,,,,,,,,,,,,,,,,,,,,,,,,,,,,,,,,,,,,,,,,,,,
,,,,,,"0.191098,0.739495,0.069397,0.000010,0.000000",,,,,,,,,,,,,,,,,,,,,,,,,,,,,,,,,,,,,,,,,,,,,,,,,,,,,,,,,,,,,,,,,,,,,
,,,,,,"0.729460,0.268379,0.002161,0.000000,0.000000",,,,,,,,,,,,,,,,,,,,,,,,,,,,,,,,,,,,,,,,,,,,,,,,,,,,,,,,,,,,,,,,,,,,,
,,,,,,"0.191098,0.739495,0.069397,0.000010,0.000000",,,,,,,,,,,,,,,,,,,,,,,,,,,,,,,,,,,,,,,,,,,,,,,,,,,,,,,,,,,,,,,,,,,,,
,,,,,,"0.191098,0.739495,0.069397,0.000010,0.000000",,,,,,,,,,,,,,,,,,,,,,,,,,,,,,,,,,,,,,,,,,,,,,,,,,,,,,,,,,,,,,,,,,,,,
,,,,,,"0.001366,0.522405,0.476033,0.000196,0.000000",,,,,,,,,,,,,,,,,,,,,,,,,,,,,,,,,,,,,,,,,,,,,,,,,,,,,,,,,,,,,,,,,,,,,
,,,,,,"0.017010,0.837974,0.145007,0.000008,0.000000",,,,,,,,,,,,,,,,,,,,,,,,,,,,,,,,,,,,,,,,,,,,,,,,,,,,,,,,,,,,,,,,,,,,,
,,,,,,"0.965397,0.034603,0.000001,0.000000,0.000000",,,,,,,,,,,,,,,,,,,,,,,,,,,,,,,,,,,,,,,,,,,,,,,,,,,,,,,,,,,,,,,,,,,,,
,,,,,,"0.965397,0.034603,0.000001,0.000000,0.000000",,,,,,,,,,,,,,,,,,,,,,,,,,,,,,,,,,,,,,,,,,,,,,,,,,,,,,,,,,,,,,,,,,,,,
,,,,,,"0.965397,0.034603,0.000001,0.000000,0.000000",,,,,,,,,,,,,,,,,,,,,,,,,,,,,,,,,,,,,,,,,,,,,,,,,,,,,,,,,,,,,,,,,,,,,
,,,,,,"0.965397,0.034603,0.000001,0.000000,0.000000",,,,,,,,,,,,,,,,,,,,,,,,,,,,,,,,,,,,,,,,,,,,,,,,,,,,,,,,,,,,,,,,,,,,,
,,,,,,"0.000549,0.499784,0.499120,0.000546,0.000000",,,,,,,,,,,,,,,,,,,,,,,,,,,,,,,,,,,,,,,,,,,,,,,,,,,,,,,,,,,,,,,,,,,,,
,,,,,,"0.003004,0.558446,0.438478,0.000072,0.000000",,,,,,,,,,,,,,,,,,,,,,,,,,,,,,,,,,,,,,,,,,,,,,,,,,,,,,,,,,,,,,,,,,,,,
,,,,,,"0.000223,0.074956,0.899971,0.024850,0.000000",,,,,,,,,,,,,,,,,,,,,,,,,,,,,,,,,,,,,,,,,,,,,,,,,,,,,,,,,,,,,,,,,,,,,
,,,,,,"0.017060,0.838823,0.144108,0.000008,0.000000",,,,,,,,,,,,,,,,,,,,,,,,,,,,,,,,,,,,,,,,,,,,,,,,,,,,,,,,,,,,,,,,,,,,,
,,,,,,"0.003004,0.558446,0.438478,0.000072,0.000000",,,,,,,,,,,,,,,,,,,,,,,,,,,,,,,,,,,,,,,,,,,,,,,,,,,,,,,,,,,,,,,,,,,,,
,,,,,,"0.855042,0.144949,0.000008,0.000000,0.000000",,,,,,,,,,,,,,,,,,,,,,,,,,,,,,,,,,,,,,,,,,,,,,,,,,,,,,,,,,,,,,,,,,,,,
,,,,,,"0.005630,0.612847,0.381489,0.000034,0.000000",,,,,,,,,,,,,,,,,,,,,,,,,,,,,,,,,,,,,,,,,,,,,,,,,,,,,,,,,,,,,,,,,,,,,
,,,,,,"0.377368,0.616817,0.005815,0.000000,0.000000",,,,,,,,,,,,,,,,,,,,,,,,,,,,,,,,,,,,,,,,,,,,,,,,,,,,,,,,,,,,,,,,,,,,,
,,,,,,"0.683021,0.311090,0.005890,0.000000,0.000000",,,,,,,,,,,,,,,,,,,,,,,,,,,,,,,,,,,,,,,,,,,,,,,,,,,,,,,,,,,,,,,,,,,,,
,,,,,,"0.522661,0.477140,0.000199,0.000000,0.000000",,,,,,,,,,,,,,,,,,,,,,,,,,,,,,,,,,,,,,,,,,,,,,,,,,,,,,,,,,,,,,,,,,,,,
,,,,,,"0.245577,0.736874,0.017549,0.000000,0.000000",,,,,,,,,,,,,,,,,,,,,,,,,,,,,,,,,,,,,,,,,,,,,,,,,,,,,,,,,,,,,,,,,,,,,
,,,,,,"0.191098,0.739495,0.069397,0.000010,0.000000",,,,,,,,,,,,,,,,,,,,,,,,,,,,,,,,,,,,,,,,,,,,,,,,,,,,,,,,,,,,,,,,,,,,,
,,,,,,"0.245577,0.736874,0.017549,0.000000,0.000000",,,,,,,,,,,,,,,,,,,,,,,,,,,,,,,,,,,,,,,,,,,,,,,,,,,,,,,,,,,,,,,,,,,,,
,,,,,,"0.729460,0.268379,0.002161,0.000000,0.000000",,,,,,,,,,,,,,,,,,,,,,,,,,,,,,,,,,,,,,,,,,,,,,,,,,,,,,,,,,,,,,,,,,,,,
,,,,,,"0.887185,0.112272,0.000543,0.000000,0.000000",,,,,,,,,,,,,,,,,,,,,,,,,,,,,,,,,,,,,,,,,,,,,,,,,,,,,,,,,,,,,,,,,,,,,
,,,,,,dist_AE,,,,,,,,,,,,,,,,,,,,,,,,,,,,,,,,,,,,,,,,,,,,,,,,,,,,,,,,,,,,,,,,,,,,,
,,,,,,"0.683021,0.311090,0.005890,0.000000,0.000000",,,,,,,,,,,,,,,,,,,,,,,,,,,,,,,,,,,,,,,,,,,,,,,,,,,,,,,,,,,,,,,,,,,,,
,,,,,,"0.965397,0.034603,0.000001,0.000000,0.000000",,,,,,,,,,,,,,,,,,,,,,,,,,,,,,,,,,,,,,,,,,,,,,,,,,,,,,,,,,,,,,,,,,,,,
,,,,,,"0.887185,0.112272,0.000543,0.000000,0.000000",,,,,,,,,,,,,,,,,,,,,,,,,,,,,,,,,,,,,,,,,,,,,,,,,,,,,,,,,,,,,,,,,,,,,
,,,,,,"0.000000,0.013369,0.766883,0.219735,0.000013",,,,,,,,,,,,,,,,,,,,,,,,,,,,,,,,,,,,,,,,,,,,,,,,,,,,,,,,,,,,,,,,,,,,,
,,,,,,"0.855042,0.144949,0.000008,0.000000,0.000000",,,,,,,,,,,,,,,,,,,,,,,,,,,,,,,,,,,,,,,,,,,,,,,,,,,,,,,,,,,,,,,,,,,,,
,,,,,,"0.191098,0.739495,0.069397,0.000010,0.000000",,,,,,,,,,,,,,,,,,,,,,,,,,,,,,,,,,,,,,,,,,,,,,,,,,,,,,,,,,,,,,,,,,,,,
,,,,,,"0.729460,0.268379,0.002161,0.000000,0.000000",,,,,,,,,,,,,,,,,,,,,,,,,,,,,,,,,,,,,,,,,,,,,,,,,,,,,,,,,,,,,,,,,,,,,
,,,,,,"0.191098,0.739495,0.069397,0.000010,0.000000",,,,,,,,,,,,,,,,,,,,,,,,,,,,,,,,,,,,,,,,,,,,,,,,,,,,,,,,,,,,,,,,,,,,,
,,,,,,"0.191098,0.739495,0.069397,0.000010,0.000000",,,,,,,,,,,,,,,,,,,,,,,,,,,,,,,,,,,,,,,,,,,,,,,,,,,,,,,,,,,,,,,,,,,,,
,,,,,,"0.001366,0.522405,0.476033,0.000196,0.000000",,,,,,,,,,,,,,,,,,,,,,,,,,,,,,,,,,,,,,,,,,,,,,,,,,,,,,,,,,,,,,,,,,,,,
,,,,,,"0.017010,0.837974,0.145007,0.000008,0.000000",,,,,,,,,,,,,,,,,,,,,,,,,,,,,,,,,,,,,,,,,,,,,,,,,,,,,,,,,,,,,,,,,,,,,
,,,,,,"0.965397,0.034603,0.000001,0.000000,0.000000",,,,,,,,,,,,,,,,,,,,,,,,,,,,,,,,,,,,,,,,,,,,,,,,,,,,,,,,,,,,,,,,,,,,,
,,,,,,"0.965397,0.034603,0.000001,0.000000,0.000000",,,,,,,,,,,,,,,,,,,,,,,,,,,,,,,,,,,,,,,,,,,,,,,,,,,,,,,,,,,,,,,,,,,,,
,,,,,,"0.965397,0.034603,0.000001,0.000000,0.000000",,,,,,,,,,,,,,,,,,,,,,,,,,,,,,,,,,,,,,,,,,,,,,,,,,,,,,,,,,,,,,,,,,,,,
,,,,,,"0.965397,0.034603,0.000001,0.000000,0.000000",,,,,,,,,,,,,,,,,,,,,,,,,,,,,,,,,,,,,,,,,,,,,,,,,,,,,,,,,,,,,,,,,,,,,
,,,,,,"0.000549,0.499784,0.499120,0.000546,0.000000",,,,,,,,,,,,,,,,,,,,,,,,,,,,,,,,,,,,,,,,,,,,,,,,,,,,,,,,,,,,,,,,,,,,,
,,,,,,"0.003004,0.558446,0.438478,0.000072,0.000000",,,,,,,,,,,,,,,,,,,,,,,,,,,,,,,,,,,,,,,,,,,,,,,,,,,,,,,,,,,,,,,,,,,,,
,,,,,,"0.000223,0.074956,0.899971,0.024850,0.000000",,,,,,,,,,,,,,,,,,,,,,,,,,,,,,,,,,,,,,,,,,,,,,,,,,,,,,,,,,,,,,,,,,,,,
,,,,,,"0.017060,0.838823,0.144108,0.000008,0.000000",,,,,,,,,,,,,,,,,,,,,,,,,,,,,,,,,,,,,,,,,,,,,,,,,,,,,,,,,,,,,,,,,,,,,
,,,,,,"0.003004,0.558446,0.438478,0.000072,0.000000",,,,,,,,,,,,,,,,,,,,,,,,,,,,,,,,,,,,,,,,,,,,,,,,,,,,,,,,,,,,,,,,,,,,,
,,,,,,"0.855042,0.144949,0.000008,0.000000,0.000000",,,,,,,,,,,,,,,,,,,,,,,,,,,,,,,,,,,,,,,,,,,,,,,,,,,,,,,,,,,,,,,,,,,,,
,,,,,,"0.005630,0.612847,0.381489,0.000034,0.000000",,,,,,,,,,,,,,,,,,,,,,,,,,,,,,,,,,,,,,,,,,,,,,,,,,,,,,,,,,,,,,,,,,,,,
,,,,,,"0.377368,0.616817,0.005815,0.000000,0.000000",,,,,,,,,,,,,,,,,,,,,,,,,,,,,,,,,,,,,,,,,,,,,,,,,,,,,,,,,,,,,,,,,,,,,
,,,,,,"0.683021,0.311090,0.005890,0.000000,0.000000",,,,,,,,,,,,,,,,,,,,,,,,,,,,,,,,,,,,,,,,,,,,,,,,,,,,,,,,,,,,,,,,,,,,,
,,,,,,"0.522661,0.477140,0.000199,0.000000,0.000000",,,,,,,,,,,,,,,,,,,,,,,,,,,,,,,,,,,,,,,,,,,,,,,,,,,,,,,,,,,,,,,,,,,,,
,,,,,,"0.245577,0.736874,0.017549,0.000000,0.000000",,,,,,,,,,,,,,,,,,,,,,,,,,,,,,,,,,,,,,,,,,,,,,,,,,,,,,,,,,,,,,,,,,,,,
,,,,,,"0.191098,0.739495,0.069397,0.000010,0.000000",,,,,,,,,,,,,,,,,,,,,,,,,,,,,,,,,,,,,,,,,,,,,,,,,,,,,,,,,,,,,,,,,,,,,
,,,,,,"0.245577,0.736874,0.017549,0.000000,0.000000",,,,,,,,,,,,,,,,,,,,,,,,,,,,,,,,,,,,,,,,,,,,,,,,,,,,,,,,,,,,,,,,,,,,,
,,,,,,"0.729460,0.268379,0.002161,0.000000,0.000000",,,,,,,,,,,,,,,,,,,,,,,,,,,,,,,,,,,,,,,,,,,,,,,,,,,,,,,,,,,,,,,,,,,,,
,,,,,,"0.887185,0.112272,0.000543,0.000000,0.000000",,,,,,,,,,,,,,,,,,,,,,,,,,,,,,,,,,,,,,,,,,,,,,,,,,,,,,,,,,,,,,,,,,,,,
,,,,,,dist_AE,,,,,,,,,,,,,,,,,,,,,,,,,,,,,,,,,,,,,,,,,,,,,,,,,,,,,,,,,,,,,,,,,,,,,
,,,,,,"0.683021,0.311090,0.005890,0.000000,0.000000",,,,,,,,,,,,,,,,,,,,,,,,,,,,,,,,,,,,,,,,,,,,,,,,,,,,,,,,,,,,,,,,,,,,,
,,,,,,"0.965397,0.034603,0.000001,0.000000,0.000000",,,,,,,,,,,,,,,,,,,,,,,,,,,,,,,,,,,,,,,,,,,,,,,,,,,,,,,,,,,,,,,,,,,,,
,,,,,,"0.887185,0.112272,0.000543,0.000000,0.000000",,,,,,,,,,,,,,,,,,,,,,,,,,,,,,,,,,,,,,,,,,,,,,,,,,,,,,,,,,,,,,,,,,,,,
,,,,,,"0.000000,0.013369,0.766883,0.219735,0.000013",,,,,,,,,,,,,,,,,,,,,,,,,,,,,,,,,,,,,,,,,,,,,,,,,,,,,,,,,,,,,,,,,,,,,
,,,,,,"0.855042,0.144949,0.000008,0.000000,0.000000",,,,,,,,,,,,,,,,,,,,,,,,,,,,,,,,,,,,,,,,,,,,,,,,,,,,,,,,,,,,,,,,,,,,,
,,,,,,"0.191098,0.739495,0.069397,0.000010,0.000000",,,,,,,,,,,,,,,,,,,,,,,,,,,,,,,,,,,,,,,,,,,,,,,,,,,,,,,,,,,,,,,,,,,,,
,,,,,,"0.729460,0.268379,0.002161,0.000000,0.000000",,,,,,,,,,,,,,,,,,,,,,,,,,,,,,,,,,,,,,,,,,,,,,,,,,,,,,,,,,,,,,,,,,,,,
,,,,,,"0.191098,0.739495,0.069397,0.000010,0.000000",,,,,,,,,,,,,,,,,,,,,,,,,,,,,,,,,,,,,,,,,,,,,,,,,,,,,,,,,,,,,,,,,,,,,
,,,,,,"0.191098,0.739495,0.069397,0.000010,0.000000",,,,,,,,,,,,,,,,,,,,,,,,,,,,,,,,,,,,,,,,,,,,,,,,,,,,,,,,,,,,,,,,,,,,,
,,,,,,"0.001366,0.522405,0.476033,0.000196,0.000000",,,,,,,,,,,,,,,,,,,,,,,,,,,,,,,,,,,,,,,,,,,,,,,,,,,,,,,,,,,,,,,,,,,,,
,,,,,,"0.017010,0.837974,0.145007,0.000008,0.000000",,,,,,,,,,,,,,,,,,,,,,,,,,,,,,,,,,,,,,,,,,,,,,,,,,,,,,,,,,,,,,,,,,,,,
,,,,,,"0.965397,0.034603,0.000001,0.000000,0.000000",,,,,,,,,,,,,,,,,,,,,,,,,,,,,,,,,,,,,,,,,,,,,,,,,,,,,,,,,,,,,,,,,,,,,
,,,,,,"0.965397,0.034603,0.000001,0.000000,0.000000",,,,,,,,,,,,,,,,,,,,,,,,,,,,,,,,,,,,,,,,,,,,,,,,,,,,,,,,,,,,,,,,,,,,,
,,,,,,"0.965397,0.034603,0.000001,0.000000,0.000000",,,,,,,,,,,,,,,,,,,,,,,,,,,,,,,,,,,,,,,,,,,,,,,,,,,,,,,,,,,,,,,,,,,,,
,,,,,,"0.965397,0.034603,0.000001,0.000000,0.000000",,,,,,,,,,,,,,,,,,,,,,,,,,,,,,,,,,,,,,,,,,,,,,,,,,,,,,,,,,,,,,,,,,,,,
,,,,,,"0.000549,0.499784,0.499120,0.000546,0.000000",,,,,,,,,,,,,,,,,,,,,,,,,,,,,,,,,,,,,,,,,,,,,,,,,,,,,,,,,,,,,,,,,,,,,
,,,,,,"0.003004,0.558446,0.438478,0.000072,0.000000",,,,,,,,,,,,,,,,,,,,,,,,,,,,,,,,,,,,,,,,,,,,,,,,,,,,,,,,,,,,,,,,,,,,,
,,,,,,"0.000223,0.074956,0.899971,0.024850,0.000000",,,,,,,,,,,,,,,,,,,,,,,,,,,,,,,,,,,,,,,,,,,,,,,,,,,,,,,,,,,,,,,,,,,,,
,,,,,,"0.017060,0.838823,0.144108,0.000008,0.000000",,,,,,,,,,,,,,,,,,,,,,,,,,,,,,,,,,,,,,,,,,,,,,,,,,,,,,,,,,,,,,,,,,,,,
,,,,,,"0.003004,0.558446,0.438478,0.000072,0.000000",,,,,,,,,,,,,,,,,,,,,,,,,,,,,,,,,,,,,,,,,,,,,,,,,,,,,,,,,,,,,,,,,,,,,
,,,,,,"0.855042,0.144949,0.000008,0.000000,0.000000",,,,,,,,,,,,,,,,,,,,,,,,,,,,,,,,,,,,,,,,,,,,,,,,,,,,,,,,,,,,,,,,,,,,,
,,,,,,"0.005630,0.612847,0.381489,0.000034,0.000000",,,,,,,,,,,,,,,,,,,,,,,,,,,,,,,,,,,,,,,,,,,,,,,,,,,,,,,,,,,,,,,,,,,,,
,,,,,,"0.377368,0.616817,0.005815,0.000000,0.000000",,,,,,,,,,,,,,,,,,,,,,,,,,,,,,,,,,,,,,,,,,,,,,,,,,,,,,,,,,,,,,,,,,,,,
,,,,,,"0.683021,0.311090,0.005890,0.000000,0.000000",,,,,,,,,,,,,,,,,,,,,,,,,,,,,,,,,,,,,,,,,,,,,,,,,,,,,,,,,,,,,,,,,,,,,
,,,,,,"0.522661,0.477140,0.000199,0.000000,0.000000",,,,,,,,,,,,,,,,,,,,,,,,,,,,,,,,,,,,,,,,,,,,,,,,,,,,,,,,,,,,,,,,,,,,,
,,,,,,"0.245577,0.736874,0.017549,0.000000,0.000000",,,,,,,,,,,,,,,,,,,,,,,,,,,,,,,,,,,,,,,,,,,,,,,,,,,,,,,,,,,,,,,,,,,,,
,,,,,,"0.191098,0.739495,0.069397,0.000010,0.000000",,,,,,,,,,,,,,,,,,,,,,,,,,,,,,,,,,,,,,,,,,,,,,,,,,,,,,,,,,,,,,,,,,,,,
,,,,,,"0.245577,0.736874,0.017549,0.000000,0.000000",,,,,,,,,,,,,,,,,,,,,,,,,,,,,,,,,,,,,,,,,,,,,,,,,,,,,,,,,,,,,,,,,,,,,
,,,,,,"0.729460,0.268379,0.002161,0.000000,0.000000",,,,,,,,,,,,,,,,,,,,,,,,,,,,,,,,,,,,,,,,,,,,,,,,,,,,,,,,,,,,,,,,,,,,,
,,,,,,"0.887185,0.112272,0.000543,0.000000,0.000000",,,,,,,,,,,,,,,,,,,,,,,,,,,,,,,,,,,,,,,,,,,,,,,,,,,,,,,,,,,,,,,,,,,,,
,,,,,,dist_AE,,,,,,,,,,,,,,,,,,,,,,,,,,,,,,,,,,,,,,,,,,,,,,,,,,,,,,,,,,,,,,,,,,,,,
,,,,,,"0.683021,0.311090,0.005890,0.000000,0.000000",,,,,,,,,,,,,,,,,,,,,,,,,,,,,,,,,,,,,,,,,,,,,,,,,,,,,,,,,,,,,,,,,,,,,
,,,,,,"0.965397,0.034603,0.000001,0.000000,0.000000",,,,,,,,,,,,,,,,,,,,,,,,,,,,,,,,,,,,,,,,,,,,,,,,,,,,,,,,,,,,,,,,,,,,,
,,,,,,"0.887185,0.112272,0.000543,0.000000,0.000000",,,,,,,,,,,,,,,,,,,,,,,,,,,,,,,,,,,,,,,,,,,,,,,,,,,,,,,,,,,,,,,,,,,,,
,,,,,,"0.000000,0.013369,0.766883,0.219735,0.000013",,,,,,,,,,,,,,,,,,,,,,,,,,,,,,,,,,,,,,,,,,,,,,,,,,,,,,,,,,,,,,,,,,,,,
,,,,,,"0.855042,0.144949,0.000008,0.000000,0.000000",,,,,,,,,,,,,,,,,,,,,,,,,,,,,,,,,,,,,,,,,,,,,,,,,,,,,,,,,,,,,,,,,,,,,
,,,,,,"0.191098,0.739495,0.069397,0.000010,0.000000",,,,,,,,,,,,,,,,,,,,,,,,,,,,,,,,,,,,,,,,,,,,,,,,,,,,,,,,,,,,,,,,,,,,,
,,,,,,"0.729460,0.268379,0.002161,0.000000,0.000000",,,,,,,,,,,,,,,,,,,,,,,,,,,,,,,,,,,,,,,,,,,,,,,,,,,,,,,,,,,,,,,,,,,,,
,,,,,,"0.191098,0.739495,0.069397,0.000010,0.000000",,,,,,,,,,,,,,,,,,,,,,,,,,,,,,,,,,,,,,,,,,,,,,,,,,,,,,,,,,,,,,,,,,,,,
,,,,,,"0.191098,0.739495,0.069397,0.000010,0.000000",,,,,,,,,,,,,,,,,,,,,,,,,,,,,,,,,,,,,,,,,,,,,,,,,,,,,,,,,,,,,,,,,,,,,
,,,,,,"0.001366,0.522405,0.476033,0.000196,0.000000",,,,,,,,,,,,,,,,,,,,,,,,,,,,,,,,,,,,,,,,,,,,,,,,,,,,,,,,,,,,,,,,,,,,,
,,,,,,"0.017010,0.837974,0.145007,0.000008,0.000000",,,,,,,,,,,,,,,,,,,,,,,,,,,,,,,,,,,,,,,,,,,,,,,,,,,,,,,,,,,,,,,,,,,,,
,,,,,,"0.965397,0.034603,0.000001,0.000000,0.000000",,,,,,,,,,,,,,,,,,,,,,,,,,,,,,,,,,,,,,,,,,,,,,,,,,,,,,,,,,,,,,,,,,,,,
,,,,,,"0.965397,0.034603,0.000001,0.000000,0.000000",,,,,,,,,,,,,,,,,,,,,,,,,,,,,,,,,,,,,,,,,,,,,,,,,,,,,,,,,,,,,,,,,,,,,
,,,,,,"0.965397,0.034603,0.000001,0.000000,0.000000",,,,,,,,,,,,,,,,,,,,,,,,,,,,,,,,,,,,,,,,,,,,,,,,,,,,,,,,,,,,,,,,,,,,,
,,,,,,"0.965397,0.034603,0.000001,0.000000,0.000000",,,,,,,,,,,,,,,,,,,,,,,,,,,,,,,,,,,,,,,,,,,,,,,,,,,,,,,,,,,,,,,,,,,,,
,,,,,,"0.000549,0.499784,0.499120,0.000546,0.000000",,,,,,,,,,,,,,,,,,,,,,,,,,,,,,,,,,,,,,,,,,,,,,,,,,,,,,,,,,,,,,,,,,,,,
,,,,,,"0.003004,0.558446,0.438478,0.000072,0.000000",,,,,,,,,,,,,,,,,,,,,,,,,,,,,,,,,,,,,,,,,,,,,,,,,,,,,,,,,,,,,,,,,,,,,
,,,,,,"0.000223,0.074956,0.899971,0.024850,0.000000",,,,,,,,,,,,,,,,,,,,,,,,,,,,,,,,,,,,,,,,,,,,,,,,,,,,,,,,,,,,,,,,,,,,,
,,,,,,"0.017060,0.838823,0.144108,0.000008,0.000000",,,,,,,,,,,,,,,,,,,,,,,,,,,,,,,,,,,,,,,,,,,,,,,,,,,,,,,,,,,,,,,,,,,,,
,,,,,,"0.003004,0.558446,0.438478,0.000072,0.000000",,,,,,,,,,,,,,,,,,,,,,,,,,,,,,,,,,,,,,,,,,,,,,,,,,,,,,,,,,,,,,,,,,,,,
,,,,,,"0.855042,0.144949,0.000008,0.000000,0.000000",,,,,,,,,,,,,,,,,,,,,,,,,,,,,,,,,,,,,,,,,,,,,,,,,,,,,,,,,,,,,,,,,,,,,
,,,,,,"0.005630,0.612847,0.381489,0.000034,0.000000",,,,,,,,,,,,,,,,,,,,,,,,,,,,,,,,,,,,,,,,,,,,,,,,,,,,,,,,,,,,,,,,,,,,,
,,,,,,"0.377368,0.616817,0.005815,0.000000,0.000000",,,,,,,,,,,,,,,,,,,,,,,,,,,,,,,,,,,,,,,,,,,,,,,,,,,,,,,,,,,,,,,,,,,,,
,,,,,,"0.683021,0.311090,0.005890,0.000000,0.000000",,,,,,,,,,,,,,,,,,,,,,,,,,,,,,,,,,,,,,,,,,,,,,,,,,,,,,,,,,,,,,,,,,,,,
,,,,,,"0.522661,0.477140,0.000199,0.000000,0.000000",,,,,,,,,,,,,,,,,,,,,,,,,,,,,,,,,,,,,,,,,,,,,,,,,,,,,,,,,,,,,,,,,,,,,
,,,,,,"0.245577,0.736874,0.017549,0.000000,0.000000",,,,,,,,,,,,,,,,,,,,,,,,,,,,,,,,,,,,,,,,,,,,,,,,,,,,,,,,,,,,,,,,,,,,,
,,,,,,"0.191098,0.739495,0.069397,0.000010,0.000000",,,,,,,,,,,,,,,,,,,,,,,,,,,,,,,,,,,,,,,,,,,,,,,,,,,,,,,,,,,,,,,,,,,,,
,,,,,,"0.245577,0.736874,0.017549,0.000000,0.000000",,,,,,,,,,,,,,,,,,,,,,,,,,,,,,,,,,,,,,,,,,,,,,,,,,,,,,,,,,,,,,,,,,,,,
,,,,,,"0.729460,0.268379,0.002161,0.000000,0.000000",,,,,,,,,,,,,,,,,,,,,,,,,,,,,,,,,,,,,,,,,,,,,,,,,,,,,,,,,,,,,,,,,,,,,
,,,,,,"0.887185,0.112272,0.000543,0.000000,0.000000",,,,,,,,,,,,,,,,,,,,,,,,,,,,,,,,,,,,,,,,,,,,,,,,,,,,,,,,,,,,,,,,,,,,,
,,,,,,dist_AE,,,,,,,,,,,,,,,,,,,,,,,,,,,,,,,,,,,,,,,,,,,,,,,,,,,,,,,,,,,,,,,,,,,,,
,,,,,,"0.683021,0.311090,0.005890,0.000000,0.000000",,,,,,,,,,,,,,,,,,,,,,,,,,,,,,,,,,,,,,,,,,,,,,,,,,,,,,,,,,,,,,,,,,,,,
,,,,,,"0.965397,0.034603,0.000001,0.000000,0.000000",,,,,,,,,,,,,,,,,,,,,,,,,,,,,,,,,,,,,,,,,,,,,,,,,,,,,,,,,,,,,,,,,,,,,
,,,,,,"0.887185,0.112272,0.000543,0.000000,0.000000",,,,,,,,,,,,,,,,,,,,,,,,,,,,,,,,,,,,,,,,,,,,,,,,,,,,,,,,,,,,,,,,,,,,,
,,,,,,"0.000000,0.013369,0.766883,0.219735,0.000013",,,,,,,,,,,,,,,,,,,,,,,,,,,,,,,,,,,,,,,,,,,,,,,,,,,,,,,,,,,,,,,,,,,,,
,,,,,,"0.855042,0.144949,0.000008,0.000000,0.000000",,,,,,,,,,,,,,,,,,,,,,,,,,,,,,,,,,,,,,,,,,,,,,,,,,,,,,,,,,,,,,,,,,,,,
,,,,,,"0.191098,0.739495,0.069397,0.000010,0.000000",,,,,,,,,,,,,,,,,,,,,,,,,,,,,,,,,,,,,,,,,,,,,,,,,,,,,,,,,,,,,,,,,,,,,
,,,,,,"0.729460,0.268379,0.002161,0.000000,0.000000",,,,,,,,,,,,,,,,,,,,,,,,,,,,,,,,,,,,,,,,,,,,,,,,,,,,,,,,,,,,,,,,,,,,,
,,,,,,"0.191098,0.739495,0.069397,0.000010,0.000000",,,,,,,,,,,,,,,,,,,,,,,,,,,,,,,,,,,,,,,,,,,,,,,,,,,,,,,,,,,,,,,,,,,,,
,,,,,,"0.191098,0.739495,0.069397,0.000010,0.000000",,,,,,,,,,,,,,,,,,,,,,,,,,,,,,,,,,,,,,,,,,,,,,,,,,,,,,,,,,,,,,,,,,,,,
,,,,,,"0.001366,0.522405,0.476033,0.000196,0.000000",,,,,,,,,,,,,,,,,,,,,,,,,,,,,,,,,,,,,,,,,,,,,,,,,,,,,,,,,,,,,,,,,,,,,
,,,,,,"0.017010,0.837974,0.145007,0.000008,0.000000",,,,,,,,,,,,,,,,,,,,,,,,,,,,,,,,,,,,,,,,,,,,,,,,,,,,,,,,,,,,,,,,,,,,,
,,,,,,"0.965397,0.034603,0.000001,0.000000,0.000000",,,,,,,,,,,,,,,,,,,,,,,,,,,,,,,,,,,,,,,,,,,,,,,,,,,,,,,,,,,,,,,,,,,,,
,,,,,,"0.965397,0.034603,0.000001,0.000000,0.000000",,,,,,,,,,,,,,,,,,,,,,,,,,,,,,,,,,,,,,,,,,,,,,,,,,,,,,,,,,,,,,,,,,,,,
,,,,,,"0.965397,0.034603,0.000001,0.000000,0.000000",,,,,,,,,,,,,,,,,,,,,,,,,,,,,,,,,,,,,,,,,,,,,,,,,,,,,,,,,,,,,,,,,,,,,
,,,,,,"0.965397,0.034603,0.000001,0.000000,0.000000",,,,,,,,,,,,,,,,,,,,,,,,,,,,,,,,,,,,,,,,,,,,,,,,,,,,,,,,,,,,,,,,,,,,,
,,,,,,"0.000549,0.499784,0.499120,0.000546,0.000000",,,,,,,,,,,,,,,,,,,,,,,,,,,,,,,,,,,,,,,,,,,,,,,,,,,,,,,,,,,,,,,,,,,,,
,,,,,,"0.003004,0.558446,0.438478,0.000072,0.000000",,,,,,,,,,,,,,,,,,,,,,,,,,,,,,,,,,,,,,,,,,,,,,,,,,,,,,,,,,,,,,,,,,,,,
,,,,,,"0.000223,0.074956,0.899971,0.024850,0.000000",,,,,,,,,,,,,,,,,,,,,,,,,,,,,,,,,,,,,,,,,,,,,,,,,,,,,,,,,,,,,,,,,,,,,
,,,,,,"0.017060,0.838823,0.144108,0.000008,0.000000",,,,,,,,,,,,,,,,,,,,,,,,,,,,,,,,,,,,,,,,,,,,,,,,,,,,,,,,,,,,,,,,,,,,,
,,,,,,"0.003004,0.558446,0.438478,0.000072,0.000000",,,,,,,,,,,,,,,,,,,,,,,,,,,,,,,,,,,,,,,,,,,,,,,,,,,,,,,,,,,,,,,,,,,,,
,,,,,,"0.855042,0.144949,0.000008,0.000000,0.000000",,,,,,,,,,,,,,,,,,,,,,,,,,,,,,,,,,,,,,,,,,,,,,,,,,,,,,,,,,,,,,,,,,,,,
,,,,,,"0.005630,0.612847,0.381489,0.000034,0.000000",,,,,,,,,,,,,,,,,,,,,,,,,,,,,,,,,,,,,,,,,,,,,,,,,,,,,,,,,,,,,,,,,,,,,
,,,,,,"0.377368,0.616817,0.005815,0.000000,0.000000",,,,,,,,,,,,,,,,,,,,,,,,,,,,,,,,,,,,,,,,,,,,,,,,,,,,,,,,,,,,,,,,,,,,,
,,,,,,"0.683021,0.311090,0.005890,0.000000,0.000000",,,,,,,,,,,,,,,,,,,,,,,,,,,,,,,,,,,,,,,,,,,,,,,,,,,,,,,,,,,,,,,,,,,,,
,,,,,,"0.522661,0.477140,0.000199,0.000000,0.000000",,,,,,,,,,,,,,,,,,,,,,,,,,,,,,,,,,,,,,,,,,,,,,,,,,,,,,,,,,,,,,,,,,,,,
,,,,,,"0.245577,0.736874,0.017549,0.000000,0.000000",,,,,,,,,,,,,,,,,,,,,,,,,,,,,,,,,,,,,,,,,,,,,,,,,,,,,,,,,,,,,,,,,,,,,
,,,,,,"0.191098,0.739495,0.069397,0.000010,0.000000",,,,,,,,,,,,,,,,,,,,,,,,,,,,,,,,,,,,,,,,,,,,,,,,,,,,,,,,,,,,,,,,,,,,,
,,,,,,"0.245577,0.736874,0.017549,0.000000,0.000000",,,,,,,,,,,,,,,,,,,,,,,,,,,,,,,,,,,,,,,,,,,,,,,,,,,,,,,,,,,,,,,,,,,,,
,,,,,,"0.729460,0.268379,0.002161,0.000000,0.000000",,,,,,,,,,,,,,,,,,,,,,,,,,,,,,,,,,,,,,,,,,,,,,,,,,,,,,,,,,,,,,,,,,,,,
,,,,,,"0.887185,0.112272,0.000543,0.000000,0.000000",,,,,,,,,,,,,,,,,,,,,,,,,,,,,,,,,,,,,,,,,,,,,,,,,,,,,,,,,,,,,,,,,,,,,
,,,,,,dist_AE,,,,,,,,,,,,,,,,,,,,,,,,,,,,,,,,,,,,,,,,,,,,,,,,,,,,,,,,,,,,,,,,,,,,,
,,,,,,"0.683021,0.311090,0.005890,0.000000,0.000000",,,,,,,,,,,,,,,,,,,,,,,,,,,,,,,,,,,,,,,,,,,,,,,,,,,,,,,,,,,,,,,,,,,,,
,,,,,,"0.965397,0.034603,0.000001,0.000000,0.000000",,,,,,,,,,,,,,,,,,,,,,,,,,,,,,,,,,,,,,,,,,,,,,,,,,,,,,,,,,,,,,,,,,,,,
,,,,,,"0.887185,0.112272,0.000543,0.000000,0.000000",,,,,,,,,,,,,,,,,,,,,,,,,,,,,,,,,,,,,,,,,,,,,,,,,,,,,,,,,,,,,,,,,,,,,
,,,,,,"0.000000,0.013369,0.766883,0.219735,0.000013",,,,,,,,,,,,,,,,,,,,,,,,,,,,,,,,,,,,,,,,,,,,,,,,,,,,,,,,,,,,,,,,,,,,,
,,,,,,"0.855042,0.144949,0.000008,0.000000,0.000000",,,,,,,,,,,,,,,,,,,,,,,,,,,,,,,,,,,,,,,,,,,,,,,,,,,,,,,,,,,,,,,,,,,,,
,,,,,,"0.191098,0.739495,0.069397,0.000010,0.000000",,,,,,,,,,,,,,,,,,,,,,,,,,,,,,,,,,,,,,,,,,,,,,,,,,,,,,,,,,,,,,,,,,,,,
,,,,,,"0.729460,0.268379,0.002161,0.000000,0.000000",,,,,,,,,,,,,,,,,,,,,,,,,,,,,,,,,,,,,,,,,,,,,,,,,,,,,,,,,,,,,,,,,,,,,
,,,,,,"0.191098,0.739495,0.069397,0.000010,0.000000",,,,,,,,,,,,,,,,,,,,,,,,,,,,,,,,,,,,,,,,,,,,,,,,,,,,,,,,,,,,,,,,,,,,,
,,,,,,"0.191098,0.739495,0.069397,0.000010,0.000000",,,,,,,,,,,,,,,,,,,,,,,,,,,,,,,,,,,,,,,,,,,,,,,,,,,,,,,,,,,,,,,,,,,,,
,,,,,,"0.001366,0.522405,0.476033,0.000196,0.000000",,,,,,,,,,,,,,,,,,,,,,,,,,,,,,,,,,,,,,,,,,,,,,,,,,,,,,,,,,,,,,,,,,,,,
,,,,,,"0.017010,0.837974,0.145007,0.000008,0.000000",,,,,,,,,,,,,,,,,,,,,,,,,,,,,,,,,,,,,,,,,,,,,,,,,,,,,,,,,,,,,,,,,,,,,
,,,,,,"0.965397,0.034603,0.000001,0.000000,0.000000",,,,,,,,,,,,,,,,,,,,,,,,,,,,,,,,,,,,,,,,,,,,,,,,,,,,,,,,,,,,,,,,,,,,,
,,,,,,"0.965397,0.034603,0.000001,0.000000,0.000000",,,,,,,,,,,,,,,,,,,,,,,,,,,,,,,,,,,,,,,,,,,,,,,,,,,,,,,,,,,,,,,,,,,,,
,,,,,,"0.965397,0.034603,0.000001,0.000000,0.000000",,,,,,,,,,,,,,,,,,,,,,,,,,,,,,,,,,,,,,,,,,,,,,,,,,,,,,,,,,,,,,,,,,,,,
,,,,,,"0.965397,0.034603,0.000001,0.000000,0.000000",,,,,,,,,,,,,,,,,,,,,,,,,,,,,,,,,,,,,,,,,,,,,,,,,,,,,,,,,,,,,,,,,,,,,
,,,,,,"0.000549,0.499784,0.499120,0.000546,0.000000",,,,,,,,,,,,,,,,,,,,,,,,,,,,,,,,,,,,,,,,,,,,,,,,,,,,,,,,,,,,,,,,,,,,,
,,,,,,"0.003004,0.558446,0.438478,0.000072,0.000000",,,,,,,,,,,,,,,,,,,,,,,,,,,,,,,,,,,,,,,,,,,,,,,,,,,,,,,,,,,,,,,,,,,,,
,,,,,,"0.000223,0.074956,0.899971,0.024850,0.000000",,,,,,,,,,,,,,,,,,,,,,,,,,,,,,,,,,,,,,,,,,,,,,,,,,,,,,,,,,,,,,,,,,,,,
,,,,,,"0.017060,0.838823,0.144108,0.000008,0.000000",,,,,,,,,,,,,,,,,,,,,,,,,,,,,,,,,,,,,,,,,,,,,,,,,,,,,,,,,,,,,,,,,,,,,
,,,,,,"0.003004,0.558446,0.438478,0.000072,0.000000",,,,,,,,,,,,,,,,,,,,,,,,,,,,,,,,,,,,,,,,,,,,,,,,,,,,,,,,,,,,,,,,,,,,,
,,,,,,"0.855042,0.144949,0.000008,0.000000,0.000000",,,,,,,,,,,,,,,,,,,,,,,,,,,,,,,,,,,,,,,,,,,,,,,,,,,,,,,,,,,,,,,,,,,,,
,,,,,,"0.005630,0.612847,0.381489,0.000034,0.000000",,,,,,,,,,,,,,,,,,,,,,,,,,,,,,,,,,,,,,,,,,,,,,,,,,,,,,,,,,,,,,,,,,,,,
,,,,,,"0.377368,0.616817,0.005815,0.000000,0.000000",,,,,,,,,,,,,,,,,,,,,,,,,,,,,,,,,,,,,,,,,,,,,,,,,,,,,,,,,,,,,,,,,,,,,
,,,,,,"0.683021,0.311090,0.005890,0.000000,0.000000",,,,,,,,,,,,,,,,,,,,,,,,,,,,,,,,,,,,,,,,,,,,,,,,,,,,,,,,,,,,,,,,,,,,,
,,,,,,"0.522661,0.477140,0.000199,0.000000,0.000000",,,,,,,,,,,,,,,,,,,,,,,,,,,,,,,,,,,,,,,,,,,,,,,,,,,,,,,,,,,,,,,,,,,,,
,,,,,,"0.245577,0.736874,0.017549,0.000000,0.000000",,,,,,,,,,,,,,,,,,,,,,,,,,,,,,,,,,,,,,,,,,,,,,,,,,,,,,,,,,,,,,,,,,,,,
,,,,,,"0.191098,0.739495,0.069397,0.000010,0.000000",,,,,,,,,,,,,,,,,,,,,,,,,,,,,,,,,,,,,,,,,,,,,,,,,,,,,,,,,,,,,,,,,,,,,
,,,,,,"0.245577,0.736874,0.017549,0.000000,0.000000",,,,,,,,,,,,,,,,,,,,,,,,,,,,,,,,,,,,,,,,,,,,,,,,,,,,,,,,,,,,,,,,,,,,,
,,,,,,"0.729460,0.268379,0.002161,0.000000,0.000000",,,,,,,,,,,,,,,,,,,,,,,,,,,,,,,,,,,,,,,,,,,,,,,,,,,,,,,,,,,,,,,,,,,,,
,,,,,,"0.887185,0.112272,0.000543,0.000000,0.000000",,,,,,,,,,,,,,,,,,,,,,,,,,,,,,,,,,,,,,,,,,,,,,,,,,,,,,,,,,,,,,,,,,,,,
,,,,,,dist_AE,,,,,,,,,,,,,,,,,,,,,,,,,,,,,,,,,,,,,,,,,,,,,,,,,,,,,,,,,,,,,,,,,,,,,
,,,,,,"0.683021,0.311090,0.005890,0.000000,0.000000",,,,,,,,,,,,,,,,,,,,,,,,,,,,,,,,,,,,,,,,,,,,,,,,,,,,,,,,,,,,,,,,,,,,,
,,,,,,"0.965397,0.034603,0.000001,0.000000,0.000000",,,,,,,,,,,,,,,,,,,,,,,,,,,,,,,,,,,,,,,,,,,,,,,,,,,,,,,,,,,,,,,,,,,,,
,,,,,,"0.887185,0.112272,0.000543,0.000000,0.000000",,,,,,,,,,,,,,,,,,,,,,,,,,,,,,,,,,,,,,,,,,,,,,,,,,,,,,,,,,,,,,,,,,,,,
,,,,,,"0.000000,0.013369,0.766883,0.219735,0.000013",,,,,,,,,,,,,,,,,,,,,,,,,,,,,,,,,,,,,,,,,,,,,,,,,,,,,,,,,,,,,,,,,,,,,
,,,,,,"0.855042,0.144949,0.000008,0.000000,0.000000",,,,,,,,,,,,,,,,,,,,,,,,,,,,,,,,,,,,,,,,,,,,,,,,,,,,,,,,,,,,,,,,,,,,,
,,,,,,"0.191098,0.739495,0.069397,0.000010,0.000000",,,,,,,,,,,,,,,,,,,,,,,,,,,,,,,,,,,,,,,,,,,,,,,,,,,,,,,,,,,,,,,,,,,,,
,,,,,,"0.729460,0.268379,0.002161,0.000000,0.000000",,,,,,,,,,,,,,,,,,,,,,,,,,,,,,,,,,,,,,,,,,,,,,,,,,,,,,,,,,,,,,,,,,,,,
,,,,,,"0.191098,0.739495,0.069397,0.000010,0.000000",,,,,,,,,,,,,,,,,,,,,,,,,,,,,,,,,,,,,,,,,,,,,,,,,,,,,,,,,,,,,,,,,,,,,
,,,,,,"0.191098,0.739495,0.069397,0.000010,0.000000",,,,,,,,,,,,,,,,,,,,,,,,,,,,,,,,,,,,,,,,,,,,,,,,,,,,,,,,,,,,,,,,,,,,,
,,,,,,"0.001366,0.522405,0.476033,0.000196,0.000000",,,,,,,,,,,,,,,,,,,,,,,,,,,,,,,,,,,,,,,,,,,,,,,,,,,,,,,,,,,,,,,,,,,,,
,,,,,,"0.017010,0.837974,0.145007,0.000008,0.000000",,,,,,,,,,,,,,,,,,,,,,,,,,,,,,,,,,,,,,,,,,,,,,,,,,,,,,,,,,,,,,,,,,,,,
,,,,,,"0.965397,0.034603,0.000001,0.000000,0.000000",,,,,,,,,,,,,,,,,,,,,,,,,,,,,,,,,,,,,,,,,,,,,,,,,,,,,,,,,,,,,,,,,,,,,
,,,,,,"0.965397,0.034603,0.000001,0.000000,0.000000",,,,,,,,,,,,,,,,,,,,,,,,,,,,,,,,,,,,,,,,,,,,,,,,,,,,,,,,,,,,,,,,,,,,,
,,,,,,"0.965397,0.034603,0.000001,0.000000,0.000000",,,,,,,,,,,,,,,,,,,,,,,,,,,,,,,,,,,,,,,,,,,,,,,,,,,,,,,,,,,,,,,,,,,,,
,,,,,,"0.965397,0.034603,0.000001,0.000000,0.000000",,,,,,,,,,,,,,,,,,,,,,,,,,,,,,,,,,,,,,,,,,,,,,,,,,,,,,,,,,,,,,,,,,,,,
,,,,,,"0.000549,0.499784,0.499120,0.000546,0.000000",,,,,,,,,,,,,,,,,,,,,,,,,,,,,,,,,,,,,,,,,,,,,,,,,,,,,,,,,,,,,,,,,,,,,
,,,,,,"0.003004,0.558446,0.438478,0.000072,0.000000",,,,,,,,,,,,,,,,,,,,,,,,,,,,,,,,,,,,,,,,,,,,,,,,,,,,,,,,,,,,,,,,,,,,,
,,,,,,"0.000223,0.074956,0.899971,0.024850,0.000000",,,,,,,,,,,,,,,,,,,,,,,,,,,,,,,,,,,,,,,,,,,,,,,,,,,,,,,,,,,,,,,,,,,,,
,,,,,,"0.017060,0.838823,0.144108,0.000008,0.000000",,,,,,,,,,,,,,,,,,,,,,,,,,,,,,,,,,,,,,,,,,,,,,,,,,,,,,,,,,,,,,,,,,,,,
,,,,,,"0.003004,0.558446,0.438478,0.000072,0.000000",,,,,,,,,,,,,,,,,,,,,,,,,,,,,,,,,,,,,,,,,,,,,,,,,,,,,,,,,,,,,,,,,,,,,
,,,,,,"0.855042,0.144949,0.000008,0.000000,0.000000",,,,,,,,,,,,,,,,,,,,,,,,,,,,,,,,,,,,,,,,,,,,,,,,,,,,,,,,,,,,,,,,,,,,,
,,,,,,"0.005630,0.612847,0.381489,0.000034,0.000000",,,,,,,,,,,,,,,,,,,,,,,,,,,,,,,,,,,,,,,,,,,,,,,,,,,,,,,,,,,,,,,,,,,,,
,,,,,,"0.377368,0.616817,0.005815,0.000000,0.000000",,,,,,,,,,,,,,,,,,,,,,,,,,,,,,,,,,,,,,,,,,,,,,,,,,,,,,,,,,,,,,,,,,,,,
,,,,,,"0.683021,0.311090,0.005890,0.000000,0.000000",,,,,,,,,,,,,,,,,,,,,,,,,,,,,,,,,,,,,,,,,,,,,,,,,,,,,,,,,,,,,,,,,,,,,
,,,,,,"0.522661,0.477140,0.000199,0.000000,0.000000",,,,,,,,,,,,,,,,,,,,,,,,,,,,,,,,,,,,,,,,,,,,,,,,,,,,,,,,,,,,,,,,,,,,,
,,,,,,"0.245577,0.736874,0.017549,0.000000,0.000000",,,,,,,,,,,,,,,,,,,,,,,,,,,,,,,,,,,,,,,,,,,,,,,,,,,,,,,,,,,,,,,,,,,,,
,,,,,,"0.191098,0.739495,0.069397,0.000010,0.000000",,,,,,,,,,,,,,,,,,,,,,,,,,,,,,,,,,,,,,,,,,,,,,,,,,,,,,,,,,,,,,,,,,,,,
,,,,,,"0.245577,0.736874,0.017549,0.000000,0.000000",,,,,,,,,,,,,,,,,,,,,,,,,,,,,,,,,,,,,,,,,,,,,,,,,,,,,,,,,,,,,,,,,,,,,
,,,,,,"0.729460,0.268379,0.002161,0.000000,0.000000",,,,,,,,,,,,,,,,,,,,,,,,,,,,,,,,,,,,,,,,,,,,,,,,,,,,,,,,,,,,,,,,,,,,,
,,,,,,"0.887185,0.112272,0.000543,0.000000,0.000000",,,,,,,,,,,,,,,,,,,,,,,,,,,,,,,,,,,,,,,,,,,,,,,,,,,,,,,,,,,,,,,,,,,,,
,,,,,,dist_AE,,,,,,,,,,,,,,,,,,,,,,,,,,,,,,,,,,,,,,,,,,,,,,,,,,,,,,,,,,,,,,,,,,,,,
,,,,,,"0.683021,0.311090,0.005890,0.000000,0.000000",,,,,,,,,,,,,,,,,,,,,,,,,,,,,,,,,,,,,,,,,,,,,,,,,,,,,,,,,,,,,,,,,,,,,
,,,,,,"0.965397,0.034603,0.000001,0.000000,0.000000",,,,,,,,,,,,,,,,,,,,,,,,,,,,,,,,,,,,,,,,,,,,,,,,,,,,,,,,,,,,,,,,,,,,,
,,,,,,"0.887185,0.112272,0.000543,0.000000,0.000000",,,,,,,,,,,,,,,,,,,,,,,,,,,,,,,,,,,,,,,,,,,,,,,,,,,,,,,,,,,,,,,,,,,,,
,,,,,,"0.000000,0.013369,0.766883,0.219735,0.000013",,,,,,,,,,,,,,,,,,,,,,,,,,,,,,,,,,,,,,,,,,,,,,,,,,,,,,,,,,,,,,,,,,,,,
,,,,,,"0.855042,0.144949,0.000008,0.000000,0.000000",,,,,,,,,,,,,,,,,,,,,,,,,,,,,,,,,,,,,,,,,,,,,,,,,,,,,,,,,,,,,,,,,,,,,
,,,,,,"0.191098,0.739495,0.069397,0.000010,0.000000",,,,,,,,,,,,,,,,,,,,,,,,,,,,,,,,,,,,,,,,,,,,,,,,,,,,,,,,,,,,,,,,,,,,,
,,,,,,"0.729460,0.268379,0.002161,0.000000,0.000000",,,,,,,,,,,,,,,,,,,,,,,,,,,,,,,,,,,,,,,,,,,,,,,,,,,,,,,,,,,,,,,,,,,,,
,,,,,,"0.191098,0.739495,0.069397,0.000010,0.000000",,,,,,,,,,,,,,,,,,,,,,,,,,,,,,,,,,,,,,,,,,,,,,,,,,,,,,,,,,,,,,,,,,,,,
,,,,,,"0.191098,0.739495,0.069397,0.000010,0.000000",,,,,,,,,,,,,,,,,,,,,,,,,,,,,,,,,,,,,,,,,,,,,,,,,,,,,,,,,,,,,,,,,,,,,
,,,,,,"0.001366,0.522405,0.476033,0.000196,0.000000",,,,,,,,,,,,,,,,,,,,,,,,,,,,,,,,,,,,,,,,,,,,,,,,,,,,,,,,,,,,,,,,,,,,,
,,,,,,"0.017010,0.837974,0.145007,0.000008,0.000000",,,,,,,,,,,,,,,,,,,,,,,,,,,,,,,,,,,,,,,,,,,,,,,,,,,,,,,,,,,,,,,,,,,,,
,,,,,,"0.965397,0.034603,0.000001,0.000000,0.000000",,,,,,,,,,,,,,,,,,,,,,,,,,,,,,,,,,,,,,,,,,,,,,,,,,,,,,,,,,,,,,,,,,,,,
,,,,,,"0.965397,0.034603,0.000001,0.000000,0.000000",,,,,,,,,,,,,,,,,,,,,,,,,,,,,,,,,,,,,,,,,,,,,,,,,,,,,,,,,,,,,,,,,,,,,
,,,,,,"0.965397,0.034603,0.000001,0.000000,0.000000",,,,,,,,,,,,,,,,,,,,,,,,,,,,,,,,,,,,,,,,,,,,,,,,,,,,,,,,,,,,,,,,,,,,,
,,,,,,"0.965397,0.034603,0.000001,0.000000,0.000000",,,,,,,,,,,,,,,,,,,,,,,,,,,,,,,,,,,,,,,,,,,,,,,,,,,,,,,,,,,,,,,,,,,,,
,,,,,,"0.000549,0.499784,0.499120,0.000546,0.000000",,,,,,,,,,,,,,,,,,,,,,,,,,,,,,,,,,,,,,,,,,,,,,,,,,,,,,,,,,,,,,,,,,,,,
,,,,,,"0.003004,0.558446,0.438478,0.000072,0.000000",,,,,,,,,,,,,,,,,,,,,,,,,,,,,,,,,,,,,,,,,,,,,,,,,,,,,,,,,,,,,,,,,,,,,
,,,,,,"0.000223,0.074956,0.899971,0.024850,0.000000",,,,,,,,,,,,,,,,,,,,,,,,,,,,,,,,,,,,,,,,,,,,,,,,,,,,,,,,,,,,,,,,,,,,,
,,,,,,"0.017060,0.838823,0.144108,0.000008,0.000000",,,,,,,,,,,,,,,,,,,,,,,,,,,,,,,,,,,,,,,,,,,,,,,,,,,,,,,,,,,,,,,,,,,,,
,,,,,,"0.003004,0.558446,0.438478,0.000072,0.000000",,,,,,,,,,,,,,,,,,,,,,,,,,,,,,,,,,,,,,,,,,,,,,,,,,,,,,,,,,,,,,,,,,,,,
,,,,,,"0.855042,0.144949,0.000008,0.000000,0.000000",,,,,,,,,,,,,,,,,,,,,,,,,,,,,,,,,,,,,,,,,,,,,,,,,,,,,,,,,,,,,,,,,,,,,
,,,,,,"0.005630,0.612847,0.381489,0.000034,0.000000",,,,,,,,,,,,,,,,,,,,,,,,,,,,,,,,,,,,,,,,,,,,,,,,,,,,,,,,,,,,,,,,,,,,,
,,,,,,"0.377368,0.616817,0.005815,0.000000,0.000000",,,,,,,,,,,,,,,,,,,,,,,,,,,,,,,,,,,,,,,,,,,,,,,,,,,,,,,,,,,,,,,,,,,,,
,,,,,,"0.683021,0.311090,0.005890,0.000000,0.000000",,,,,,,,,,,,,,,,,,,,,,,,,,,,,,,,,,,,,,,,,,,,,,,,,,,,,,,,,,,,,,,,,,,,,
,,,,,,"0.522661,0.477140,0.000199,0.000000,0.000000",,,,,,,,,,,,,,,,,,,,,,,,,,,,,,,,,,,,,,,,,,,,,,,,,,,,,,,,,,,,,,,,,,,,,
,,,,,,"0.245577,0.736874,0.017549,0.000000,0.000000",,,,,,,,,,,,,,,,,,,,,,,,,,,,,,,,,,,,,,,,,,,,,,,,,,,,,,,,,,,,,,,,,,,,,
,,,,,,"0.191098,0.739495,0.069397,0.000010,0.000000",,,,,,,,,,,,,,,,,,,,,,,,,,,,,,,,,,,,,,,,,,,,,,,,,,,,,,,,,,,,,,,,,,,,,
,,,,,,"0.245577,0.736874,0.017549,0.000000,0.000000",,,,,,,,,,,,,,,,,,,,,,,,,,,,,,,,,,,,,,,,,,,,,,,,,,,,,,,,,,,,,,,,,,,,,
,,,,,,"0.729460,0.268379,0.002161,0.000000,0.000000",,,,,,,,,,,,,,,,,,,,,,,,,,,,,,,,,,,,,,,,,,,,,,,,,,,,,,,,,,,,,,,,,,,,,
,,,,,,"0.887185,0.112272,0.000543,0.000000,0.000000",,,,,,,,,,,,,,,,,,,,,,,,,,,,,,,,,,,,,,,,,,,,,,,,,,,,,,,,,,,,,,,,,,,,,
,,,,,,dist_AE,,,,,,,,,,,,,,,,,,,,,,,,,,,,,,,,,,,,,,,,,,,,,,,,,,,,,,,,,,,,,,,,,,,,,
,,,,,,"0.683021,0.311090,0.005890,0.000000,0.000000",,,,,,,,,,,,,,,,,,,,,,,,,,,,,,,,,,,,,,,,,,,,,,,,,,,,,,,,,,,,,,,,,,,,,
,,,,,,"0.965397,0.034603,0.000001,0.000000,0.000000",,,,,,,,,,,,,,,,,,,,,,,,,,,,,,,,,,,,,,,,,,,,,,,,,,,,,,,,,,,,,,,,,,,,,
,,,,,,"0.887185,0.112272,0.000543,0.000000,0.000000",,,,,,,,,,,,,,,,,,,,,,,,,,,,,,,,,,,,,,,,,,,,,,,,,,,,,,,,,,,,,,,,,,,,,
,,,,,,"0.000000,0.013369,0.766883,0.219735,0.000013",,,,,,,,,,,,,,,,,,,,,,,,,,,,,,,,,,,,,,,,,,,,,,,,,,,,,,,,,,,,,,,,,,,,,
,,,,,,"0.855042,0.144949,0.000008,0.000000,0.000000",,,,,,,,,,,,,,,,,,,,,,,,,,,,,,,,,,,,,,,,,,,,,,,,,,,,,,,,,,,,,,,,,,,,,
,,,,,,"0.191098,0.739495,0.069397,0.000010,0.000000",,,,,,,,,,,,,,,,,,,,,,,,,,,,,,,,,,,,,,,,,,,,,,,,,,,,,,,,,,,,,,,,,,,,,
,,,,,,"0.729460,0.268379,0.002161,0.000000,0.000000",,,,,,,,,,,,,,,,,,,,,,,,,,,,,,,,,,,,,,,,,,,,,,,,,,,,,,,,,,,,,,,,,,,,,
,,,,,,"0.191098,0.739495,0.069397,0.000010,0.000000",,,,,,,,,,,,,,,,,,,,,,,,,,,,,,,,,,,,,,,,,,,,,,,,,,,,,,,,,,,,,,,,,,,,,
,,,,,,"0.191098,0.739495,0.069397,0.000010,0.000000",,,,,,,,,,,,,,,,,,,,,,,,,,,,,,,,,,,,,,,,,,,,,,,,,,,,,,,,,,,,,,,,,,,,,
,,,,,,"0.001366,0.522405,0.476033,0.000196,0.000000",,,,,,,,,,,,,,,,,,,,,,,,,,,,,,,,,,,,,,,,,,,,,,,,,,,,,,,,,,,,,,,,,,,,,
,,,,,,"0.017010,0.837974,0.145007,0.000008,0.000000",,,,,,,,,,,,,,,,,,,,,,,,,,,,,,,,,,,,,,,,,,,,,,,,,,,,,,,,,,,,,,,,,,,,,
,,,,,,"0.965397,0.034603,0.000001,0.000000,0.000000",,,,,,,,,,,,,,,,,,,,,,,,,,,,,,,,,,,,,,,,,,,,,,,,,,,,,,,,,,,,,,,,,,,,,
,,,,,,"0.965397,0.034603,0.000001,0.000000,0.000000",,,,,,,,,,,,,,,,,,,,,,,,,,,,,,,,,,,,,,,,,,,,,,,,,,,,,,,,,,,,,,,,,,,,,
,,,,,,"0.965397,0.034603,0.000001,0.000000,0.000000",,,,,,,,,,,,,,,,,,,,,,,,,,,,,,,,,,,,,,,,,,,,,,,,,,,,,,,,,,,,,,,,,,,,,
,,,,,,"0.965397,0.034603,0.000001,0.000000,0.000000",,,,,,,,,,,,,,,,,,,,,,,,,,,,,,,,,,,,,,,,,,,,,,,,,,,,,,,,,,,,,,,,,,,,,
,,,,,,"0.000549,0.499784,0.499120,0.000546,0.000000",,,,,,,,,,,,,,,,,,,,,,,,,,,,,,,,,,,,,,,,,,,,,,,,,,,,,,,,,,,,,,,,,,,,,
,,,,,,"0.003004,0.558446,0.438478,0.000072,0.000000",,,,,,,,,,,,,,,,,,,,,,,,,,,,,,,,,,,,,,,,,,,,,,,,,,,,,,,,,,,,,,,,,,,,,
,,,,,,"0.000223,0.074956,0.899971,0.024850,0.000000",,,,,,,,,,,,,,,,,,,,,,,,,,,,,,,,,,,,,,,,,,,,,,,,,,,,,,,,,,,,,,,,,,,,,
,,,,,,"0.017060,0.838823,0.144108,0.000008,0.000000",,,,,,,,,,,,,,,,,,,,,,,,,,,,,,,,,,,,,,,,,,,,,,,,,,,,,,,,,,,,,,,,,,,,,
,,,,,,"0.003004,0.558446,0.438478,0.000072,0.000000",,,,,,,,,,,,,,,,,,,,,,,,,,,,,,,,,,,,,,,,,,,,,,,,,,,,,,,,,,,,,,,,,,,,,
,,,,,,"0.855042,0.144949,0.000008,0.000000,0.000000",,,,,,,,,,,,,,,,,,,,,,,,,,,,,,,,,,,,,,,,,,,,,,,,,,,,,,,,,,,,,,,,,,,,,
,,,,,,"0.005630,0.612847,0.381489,0.000034,0.000000",,,,,,,,,,,,,,,,,,,,,,,,,,,,,,,,,,,,,,,,,,,,,,,,,,,,,,,,,,,,,,,,,,,,,
,,,,,,"0.377368,0.616817,0.005815,0.000000,0.000000",,,,,,,,,,,,,,,,,,,,,,,,,,,,,,,,,,,,,,,,,,,,,,,,,,,,,,,,,,,,,,,,,,,,,
,,,,,,"0.683021,0.311090,0.005890,0.000000,0.000000",,,,,,,,,,,,,,,,,,,,,,,,,,,,,,,,,,,,,,,,,,,,,,,,,,,,,,,,,,,,,,,,,,,,,
,,,,,,"0.522661,0.477140,0.000199,0.000000,0.000000",,,,,,,,,,,,,,,,,,,,,,,,,,,,,,,,,,,,,,,,,,,,,,,,,,,,,,,,,,,,,,,,,,,,,
,,,,,,"0.245577,0.736874,0.017549,0.000000,0.000000",,,,,,,,,,,,,,,,,,,,,,,,,,,,,,,,,,,,,,,,,,,,,,,,,,,,,,,,,,,,,,,,,,,,,
,,,,,,"0.191098,0.739495,0.069397,0.000010,0.000000",,,,,,,,,,,,,,,,,,,,,,,,,,,,,,,,,,,,,,,,,,,,,,,,,,,,,,,,,,,,,,,,,,,,,
,,,,,,"0.245577,0.736874,0.017549,0.000000,0.000000",,,,,,,,,,,,,,,,,,,,,,,,,,,,,,,,,,,,,,,,,,,,,,,,,,,,,,,,,,,,,,,,,,,,,
,,,,,,"0.729460,0.268379,0.002161,0.000000,0.000000",,,,,,,,,,,,,,,,,,,,,,,,,,,,,,,,,,,,,,,,,,,,,,,,,,,,,,,,,,,,,,,,,,,,,
,,,,,,"0.887185,0.112272,0.000543,0.000000,0.000000",,,,,,,,,,,,,,,,,,,,,,,,,,,,,,,,,,,,,,,,,,,,,,,,,,,,,,,,,,,,,,,,,,,,,
,,,,,,dist_AE,,,,,,,,,,,,,,,,,,,,,,,,,,,,,,,,,,,,,,,,,,,,,,,,,,,,,,,,,,,,,,,,,,,,,
,,,,,,"0.683021,0.311090,0.005890,0.000000,0.000000",,,,,,,,,,,,,,,,,,,,,,,,,,,,,,,,,,,,,,,,,,,,,,,,,,,,,,,,,,,,,,,,,,,,,
,,,,,,"0.965397,0.034603,0.000001,0.000000,0.000000",,,,,,,,,,,,,,,,,,,,,,,,,,,,,,,,,,,,,,,,,,,,,,,,,,,,,,,,,,,,,,,,,,,,,
,,,,,,"0.887185,0.112272,0.000543,0.000000,0.000000",,,,,,,,,,,,,,,,,,,,,,,,,,,,,,,,,,,,,,,,,,,,,,,,,,,,,,,,,,,,,,,,,,,,,
,,,,,,"0.000000,0.013369,0.766883,0.219735,0.000013",,,,,,,,,,,,,,,,,,,,,,,,,,,,,,,,,,,,,,,,,,,,,,,,,,,,,,,,,,,,,,,,,,,,,
,,,,,,"0.855042,0.144949,0.000008,0.000000,0.000000",,,,,,,,,,,,,,,,,,,,,,,,,,,,,,,,,,,,,,,,,,,,,,,,,,,,,,,,,,,,,,,,,,,,,
,,,,,,"0.191098,0.739495,0.069397,0.000010,0.000000",,,,,,,,,,,,,,,,,,,,,,,,,,,,,,,,,,,,,,,,,,,,,,,,,,,,,,,,,,,,,,,,,,,,,
,,,,,,"0.729460,0.268379,0.002161,0.000000,0.000000",,,,,,,,,,,,,,,,,,,,,,,,,,,,,,,,,,,,,,,,,,,,,,,,,,,,,,,,,,,,,,,,,,,,,
,,,,,,"0.191098,0.739495,0.069397,0.000010,0.000000",,,,,,,,,,,,,,,,,,,,,,,,,,,,,,,,,,,,,,,,,,,,,,,,,,,,,,,,,,,,,,,,,,,,,
,,,,,,"0.191098,0.739495,0.069397,0.000010,0.000000",,,,,,,,,,,,,,,,,,,,,,,,,,,,,,,,,,,,,,,,,,,,,,,,,,,,,,,,,,,,,,,,,,,,,
,,,,,,"0.001366,0.522405,0.476033,0.000196,0.000000",,,,,,,,,,,,,,,,,,,,,,,,,,,,,,,,,,,,,,,,,,,,,,,,,,,,,,,,,,,,,,,,,,,,,
,,,,,,"0.017010,0.837974,0.145007,0.000008,0.000000",,,,,,,,,,,,,,,,,,,,,,,,,,,,,,,,,,,,,,,,,,,,,,,,,,,,,,,,,,,,,,,,,,,,,
,,,,,,"0.965397,0.034603,0.000001,0.000000,0.000000",,,,,,,,,,,,,,,,,,,,,,,,,,,,,,,,,,,,,,,,,,,,,,,,,,,,,,,,,,,,,,,,,,,,,
,,,,,,"0.965397,0.034603,0.000001,0.000000,0.000000",,,,,,,,,,,,,,,,,,,,,,,,,,,,,,,,,,,,,,,,,,,,,,,,,,,,,,,,,,,,,,,,,,,,,
,,,,,,"0.965397,0.034603,0.000001,0.000000,0.000000",,,,,,,,,,,,,,,,,,,,,,,,,,,,,,,,,,,,,,,,,,,,,,,,,,,,,,,,,,,,,,,,,,,,,
,,,,,,"0.965397,0.034603,0.000001,0.000000,0.000000",,,,,,,,,,,,,,,,,,,,,,,,,,,,,,,,,,,,,,,,,,,,,,,,,,,,,,,,,,,,,,,,,,,,,
,,,,,,"0.000549,0.499784,0.499120,0.000546,0.000000",,,,,,,,,,,,,,,,,,,,,,,,,,,,,,,,,,,,,,,,,,,,,,,,,,,,,,,,,,,,,,,,,,,,,
,,,,,,"0.003004,0.558446,0.438478,0.000072,0.000000",,,,,,,,,,,,,,,,,,,,,,,,,,,,,,,,,,,,,,,,,,,,,,,,,,,,,,,,,,,,,,,,,,,,,
,,,,,,"0.000223,0.074956,0.899971,0.024850,0.000000",,,,,,,,,,,,,,,,,,,,,,,,,,,,,,,,,,,,,,,,,,,,,,,,,,,,,,,,,,,,,,,,,,,,,
,,,,,,"0.017060,0.838823,0.144108,0.000008,0.000000",,,,,,,,,,,,,,,,,,,,,,,,,,,,,,,,,,,,,,,,,,,,,,,,,,,,,,,,,,,,,,,,,,,,,
,,,,,,"0.003004,0.558446,0.438478,0.000072,0.000000",,,,,,,,,,,,,,,,,,,,,,,,,,,,,,,,,,,,,,,,,,,,,,,,,,,,,,,,,,,,,,,,,,,,,
,,,,,,"0.855042,0.144949,0.000008,0.000000,0.000000",,,,,,,,,,,,,,,,,,,,,,,,,,,,,,,,,,,,,,,,,,,,,,,,,,,,,,,,,,,,,,,,,,,,,
,,,,,,"0.005630,0.612847,0.381489,0.000034,0.000000",,,,,,,,,,,,,,,,,,,,,,,,,,,,,,,,,,,,,,,,,,,,,,,,,,,,,,,,,,,,,,,,,,,,,
,,,,,,"0.377368,0.616817,0.005815,0.000000,0.000000",,,,,,,,,,,,,,,,,,,,,,,,,,,,,,,,,,,,,,,,,,,,,,,,,,,,,,,,,,,,,,,,,,,,,
,,,,,,"0.683021,0.311090,0.005890,0.000000,0.000000",,,,,,,,,,,,,,,,,,,,,,,,,,,,,,,,,,,,,,,,,,,,,,,,,,,,,,,,,,,,,,,,,,,,,
,,,,,,"0.522661,0.477140,0.000199,0.000000,0.000000",,,,,,,,,,,,,,,,,,,,,,,,,,,,,,,,,,,,,,,,,,,,,,,,,,,,,,,,,,,,,,,,,,,,,
,,,,,,"0.245577,0.736874,0.017549,0.000000,0.000000",,,,,,,,,,,,,,,,,,,,,,,,,,,,,,,,,,,,,,,,,,,,,,,,,,,,,,,,,,,,,,,,,,,,,
,,,,,,"0.191098,0.739495,0.069397,0.000010,0.000000",,,,,,,,,,,,,,,,,,,,,,,,,,,,,,,,,,,,,,,,,,,,,,,,,,,,,,,,,,,,,,,,,,,,,
,,,,,,"0.245577,0.736874,0.017549,0.000000,0.000000",,,,,,,,,,,,,,,,,,,,,,,,,,,,,,,,,,,,,,,,,,,,,,,,,,,,,,,,,,,,,,,,,,,,,
,,,,,,"0.729460,0.268379,0.002161,0.000000,0.000000",,,,,,,,,,,,,,,,,,,,,,,,,,,,,,,,,,,,,,,,,,,,,,,,,,,,,,,,,,,,,,,,,,,,,
,,,,,,"0.887185,0.112272,0.000543,0.000000,0.000000",,,,,,,,,,,,,,,,,,,,,,,,,,,,,,,,,,,,,,,,,,,,,,,,,,,,,,,,,,,,,,,,,,,,,
,,,,,,dist_AE,,,,,,,,,,,,,,,,,,,,,,,,,,,,,,,,,,,,,,,,,,,,,,,,,,,,,,,,,,,,,,,,,,,,,
,,,,,,"0.683021,0.311090,0.005890,0.000000,0.000000",,,,,,,,,,,,,,,,,,,,,,,,,,,,,,,,,,,,,,,,,,,,,,,,,,,,,,,,,,,,,,,,,,,,,
,,,,,,"0.965397,0.034603,0.000001,0.000000,0.000000",,,,,,,,,,,,,,,,,,,,,,,,,,,,,,,,,,,,,,,,,,,,,,,,,,,,,,,,,,,,,,,,,,,,,
,,,,,,"0.887185,0.112272,0.000543,0.000000,0.000000",,,,,,,,,,,,,,,,,,,,,,,,,,,,,,,,,,,,,,,,,,,,,,,,,,,,,,,,,,,,,,,,,,,,,
,,,,,,"0.000000,0.013369,0.766883,0.219735,0.000013",,,,,,,,,,,,,,,,,,,,,,,,,,,,,,,,,,,,,,,,,,,,,,,,,,,,,,,,,,,,,,,,,,,,,
,,,,,,"0.855042,0.144949,0.000008,0.000000,0.000000",,,,,,,,,,,,,,,,,,,,,,,,,,,,,,,,,,,,,,,,,,,,,,,,,,,,,,,,,,,,,,,,,,,,,
,,,,,,"0.191098,0.739495,0.069397,0.000010,0.000000",,,,,,,,,,,,,,,,,,,,,,,,,,,,,,,,,,,,,,,,,,,,,,,,,,,,,,,,,,,,,,,,,,,,,
,,,,,,"0.729460,0.268379,0.002161,0.000000,0.000000",,,,,,,,,,,,,,,,,,,,,,,,,,,,,,,,,,,,,,,,,,,,,,,,,,,,,,,,,,,,,,,,,,,,,
,,,,,,"0.191098,0.739495,0.069397,0.000010,0.000000",,,,,,,,,,,,,,,,,,,,,,,,,,,,,,,,,,,,,,,,,,,,,,,,,,,,,,,,,,,,,,,,,,,,,
,,,,,,"0.191098,0.739495,0.069397,0.000010,0.000000",,,,,,,,,,,,,,,,,,,,,,,,,,,,,,,,,,,,,,,,,,,,,,,,,,,,,,,,,,,,,,,,,,,,,
,,,,,,"0.001366,0.522405,0.476033,0.000196,0.000000",,,,,,,,,,,,,,,,,,,,,,,,,,,,,,,,,,,,,,,,,,,,,,,,,,,,,,,,,,,,,,,,,,,,,
,,,,,,"0.017010,0.837974,0.145007,0.000008,0.000000",,,,,,,,,,,,,,,,,,,,,,,,,,,,,,,,,,,,,,,,,,,,,,,,,,,,,,,,,,,,,,,,,,,,,
,,,,,,"0.965397,0.034603,0.000001,0.000000,0.000000",,,,,,,,,,,,,,,,,,,,,,,,,,,,,,,,,,,,,,,,,,,,,,,,,,,,,,,,,,,,,,,,,,,,,
,,,,,,"0.965397,0.034603,0.000001,0.000000,0.000000",,,,,,,,,,,,,,,,,,,,,,,,,,,,,,,,,,,,,,,,,,,,,,,,,,,,,,,,,,,,,,,,,,,,,
,,,,,,"0.965397,0.034603,0.000001,0.000000,0.000000",,,,,,,,,,,,,,,,,,,,,,,,,,,,,,,,,,,,,,,,,,,,,,,,,,,,,,,,,,,,,,,,,,,,,
,,,,,,"0.965397,0.034603,0.000001,0.000000,0.000000",,,,,,,,,,,,,,,,,,,,,,,,,,,,,,,,,,,,,,,,,,,,,,,,,,,,,,,,,,,,,,,,,,,,,
,,,,,,"0.000549,0.499784,0.499120,0.000546,0.000000",,,,,,,,,,,,,,,,,,,,,,,,,,,,,,,,,,,,,,,,,,,,,,,,,,,,,,,,,,,,,,,,,,,,,
,,,,,,"0.003004,0.558446,0.438478,0.000072,0.000000",,,,,,,,,,,,,,,,,,,,,,,,,,,,,,,,,,,,,,,,,,,,,,,,,,,,,,,,,,,,,,,,,,,,,
,,,,,,"0.000223,0.074956,0.899971,0.024850,0.000000",,,,,,,,,,,,,,,,,,,,,,,,,,,,,,,,,,,,,,,,,,,,,,,,,,,,,,,,,,,,,,,,,,,,,
,,,,,,"0.017060,0.838823,0.144108,0.000008,0.000000",,,,,,,,,,,,,,,,,,,,,,,,,,,,,,,,,,,,,,,,,,,,,,,,,,,,,,,,,,,,,,,,,,,,,
,,,,,,"0.003004,0.558446,0.438478,0.000072,0.000000",,,,,,,,,,,,,,,,,,,,,,,,,,,,,,,,,,,,,,,,,,,,,,,,,,,,,,,,,,,,,,,,,,,,,
,,,,,,"0.855042,0.144949,0.000008,0.000000,0.000000",,,,,,,,,,,,,,,,,,,,,,,,,,,,,,,,,,,,,,,,,,,,,,,,,,,,,,,,,,,,,,,,,,,,,
,,,,,,"0.005630,0.612847,0.381489,0.000034,0.000000",,,,,,,,,,,,,,,,,,,,,,,,,,,,,,,,,,,,,,,,,,,,,,,,,,,,,,,,,,,,,,,,,,,,,
,,,,,,"0.377368,0.616817,0.005815,0.000000,0.000000",,,,,,,,,,,,,,,,,,,,,,,,,,,,,,,,,,,,,,,,,,,,,,,,,,,,,,,,,,,,,,,,,,,,,
,,,,,,"0.683021,0.311090,0.005890,0.000000,0.000000",,,,,,,,,,,,,,,,,,,,,,,,,,,,,,,,,,,,,,,,,,,,,,,,,,,,,,,,,,,,,,,,,,,,,
,,,,,,"0.522661,0.477140,0.000199,0.000000,0.000000",,,,,,,,,,,,,,,,,,,,,,,,,,,,,,,,,,,,,,,,,,,,,,,,,,,,,,,,,,,,,,,,,,,,,
,,,,,,"0.245577,0.736874,0.017549,0.000000,0.000000",,,,,,,,,,,,,,,,,,,,,,,,,,,,,,,,,,,,,,,,,,,,,,,,,,,,,,,,,,,,,,,,,,,,,
,,,,,,"0.191098,0.739495,0.069397,0.000010,0.000000",,,,,,,,,,,,,,,,,,,,,,,,,,,,,,,,,,,,,,,,,,,,,,,,,,,,,,,,,,,,,,,,,,,,,
,,,,,,"0.245577,0.736874,0.017549,0.000000,0.000000",,,,,,,,,,,,,,,,,,,,,,,,,,,,,,,,,,,,,,,,,,,,,,,,,,,,,,,,,,,,,,,,,,,,,
,,,,,,"0.729460,0.268379,0.002161,0.000000,0.000000",,,,,,,,,,,,,,,,,,,,,,,,,,,,,,,,,,,,,,,,,,,,,,,,,,,,,,,,,,,,,,,,,,,,,
,,,,,,"0.887185,0.112272,0.000543,0.000000,0.000000",,,,,,,,,,,,,,,,,,,,,,,,,,,,,,,,,,,,,,,,,,,,,,,,,,,,,,,,,,,,,,,,,,,,,
,,,,,,dist_AE,,,,,,,,,,,,,,,,,,,,,,,,,,,,,,,,,,,,,,,,,,,,,,,,,,,,,,,,,,,,,,,,,,,,,
,,,,,,"0.683021,0.311090,0.005890,0.000000,0.000000",,,,,,,,,,,,,,,,,,,,,,,,,,,,,,,,,,,,,,,,,,,,,,,,,,,,,,,,,,,,,,,,,,,,,
,,,,,,"0.965397,0.034603,0.000001,0.000000,0.000000",,,,,,,,,,,,,,,,,,,,,,,,,,,,,,,,,,,,,,,,,,,,,,,,,,,,,,,,,,,,,,,,,,,,,
,,,,,,"0.887185,0.112272,0.000543,0.000000,0.000000",,,,,,,,,,,,,,,,,,,,,,,,,,,,,,,,,,,,,,,,,,,,,,,,,,,,,,,,,,,,,,,,,,,,,
,,,,,,"0.000000,0.013369,0.766883,0.219735,0.000013",,,,,,,,,,,,,,,,,,,,,,,,,,,,,,,,,,,,,,,,,,,,,,,,,,,,,,,,,,,,,,,,,,,,,
,,,,,,"0.855042,0.144949,0.000008,0.000000,0.000000",,,,,,,,,,,,,,,,,,,,,,,,,,,,,,,,,,,,,,,,,,,,,,,,,,,,,,,,,,,,,,,,,,,,,
,,,,,,"0.191098,0.739495,0.069397,0.000010,0.000000",,,,,,,,,,,,,,,,,,,,,,,,,,,,,,,,,,,,,,,,,,,,,,,,,,,,,,,,,,,,,,,,,,,,,
,,,,,,"0.729460,0.268379,0.002161,0.000000,0.000000",,,,,,,,,,,,,,,,,,,,,,,,,,,,,,,,,,,,,,,,,,,,,,,,,,,,,,,,,,,,,,,,,,,,,
,,,,,,"0.191098,0.739495,0.069397,0.000010,0.000000",,,,,,,,,,,,,,,,,,,,,,,,,,,,,,,,,,,,,,,,,,,,,,,,,,,,,,,,,,,,,,,,,,,,,
,,,,,,"0.191098,0.739495,0.069397,0.000010,0.000000",,,,,,,,,,,,,,,,,,,,,,,,,,,,,,,,,,,,,,,,,,,,,,,,,,,,,,,,,,,,,,,,,,,,,
,,,,,,"0.001366,0.522405,0.476033,0.000196,0.000000",,,,,,,,,,,,,,,,,,,,,,,,,,,,,,,,,,,,,,,,,,,,,,,,,,,,,,,,,,,,,,,,,,,,,
,,,,,,"0.017010,0.837974,0.145007,0.000008,0.000000",,,,,,,,,,,,,,,,,,,,,,,,,,,,,,,,,,,,,,,,,,,,,,,,,,,,,,,,,,,,,,,,,,,,,
,,,,,,"0.965397,0.034603,0.000001,0.000000,0.000000",,,,,,,,,,,,,,,,,,,,,,,,,,,,,,,,,,,,,,,,,,,,,,,,,,,,,,,,,,,,,,,,,,,,,
,,,,,,"0.965397,0.034603,0.000001,0.000000,0.000000",,,,,,,,,,,,,,,,,,,,,,,,,,,,,,,,,,,,,,,,,,,,,,,,,,,,,,,,,,,,,,,,,,,,,
,,,,,,"0.965397,0.034603,0.000001,0.000000,0.000000",,,,,,,,,,,,,,,,,,,,,,,,,,,,,,,,,,,,,,,,,,,,,,,,,,,,,,,,,,,,,,,,,,,,,
,,,,,,"0.965397,0.034603,0.000001,0.000000,0.000000",,,,,,,,,,,,,,,,,,,,,,,,,,,,,,,,,,,,,,,,,,,,,,,,,,,,,,,,,,,,,,,,,,,,,
,,,,,,"0.000549,0.499784,0.499120,0.000546,0.000000",,,,,,,,,,,,,,,,,,,,,,,,,,,,,,,,,,,,,,,,,,,,,,,,,,,,,,,,,,,,,,,,,,,,,
,,,,,,"0.003004,0.558446,0.438478,0.000072,0.000000",,,,,,,,,,,,,,,,,,,,,,,,,,,,,,,,,,,,,,,,,,,,,,,,,,,,,,,,,,,,,,,,,,,,,
,,,,,,"0.000223,0.074956,0.899971,0.024850,0.000000",,,,,,,,,,,,,,,,,,,,,,,,,,,,,,,,,,,,,,,,,,,,,,,,,,,,,,,,,,,,,,,,,,,,,
,,,,,,"0.017060,0.838823,0.144108,0.000008,0.000000",,,,,,,,,,,,,,,,,,,,,,,,,,,,,,,,,,,,,,,,,,,,,,,,,,,,,,,,,,,,,,,,,,,,,
,,,,,,"0.003004,0.558446,0.438478,0.000072,0.000000",,,,,,,,,,,,,,,,,,,,,,,,,,,,,,,,,,,,,,,,,,,,,,,,,,,,,,,,,,,,,,,,,,,,,
,,,,,,"0.855042,0.144949,0.000008,0.000000,0.000000",,,,,,,,,,,,,,,,,,,,,,,,,,,,,,,,,,,,,,,,,,,,,,,,,,,,,,,,,,,,,,,,,,,,,
,,,,,,"0.005630,0.612847,0.381489,0.000034,0.000000",,,,,,,,,,,,,,,,,,,,,,,,,,,,,,,,,,,,,,,,,,,,,,,,,,,,,,,,,,,,,,,,,,,,,
,,,,,,"0.377368,0.616817,0.005815,0.000000,0.000000",,,,,,,,,,,,,,,,,,,,,,,,,,,,,,,,,,,,,,,,,,,,,,,,,,,,,,,,,,,,,,,,,,,,,
,,,,,,"0.683021,0.311090,0.005890,0.000000,0.000000",,,,,,,,,,,,,,,,,,,,,,,,,,,,,,,,,,,,,,,,,,,,,,,,,,,,,,,,,,,,,,,,,,,,,
,,,,,,"0.522661,0.477140,0.000199,0.000000,0.000000",,,,,,,,,,,,,,,,,,,,,,,,,,,,,,,,,,,,,,,,,,,,,,,,,,,,,,,,,,,,,,,,,,,,,
,,,,,,"0.245577,0.736874,0.017549,0.000000,0.000000",,,,,,,,,,,,,,,,,,,,,,,,,,,,,,,,,,,,,,,,,,,,,,,,,,,,,,,,,,,,,,,,,,,,,
,,,,,,"0.191098,0.739495,0.069397,0.000010,0.000000",,,,,,,,,,,,,,,,,,,,,,,,,,,,,,,,,,,,,,,,,,,,,,,,,,,,,,,,,,,,,,,,,,,,,
,,,,,,"0.245577,0.736874,0.017549,0.000000,0.000000",,,,,,,,,,,,,,,,,,,,,,,,,,,,,,,,,,,,,,,,,,,,,,,,,,,,,,,,,,,,,,,,,,,,,
,,,,,,"0.729460,0.268379,0.002161,0.000000,0.000000",,,,,,,,,,,,,,,,,,,,,,,,,,,,,,,,,,,,,,,,,,,,,,,,,,,,,,,,,,,,,,,,,,,,,
,,,,,,"0.887185,0.112272,0.000543,0.000000,0.000000",,,,,,,,,,,,,,,,,,,,,,,,,,,,,,,,,,,,,,,,,,,,,,,,,,,,,,,,,,,,,,,,,,,,,
,,,,,,dist_AE,,,,,,,,,,,,,,,,,,,,,,,,,,,,,,,,,,,,,,,,,,,,,,,,,,,,,,,,,,,,,,,,,,,,,
,,,,,,"0.683021,0.311090,0.005890,0.000000,0.000000",,,,,,,,,,,,,,,,,,,,,,,,,,,,,,,,,,,,,,,,,,,,,,,,,,,,,,,,,,,,,,,,,,,,,
,,,,,,"0.965397,0.034603,0.000001,0.000000,0.000000",,,,,,,,,,,,,,,,,,,,,,,,,,,,,,,,,,,,,,,,,,,,,,,,,,,,,,,,,,,,,,,,,,,,,
,,,,,,"0.887185,0.112272,0.000543,0.000000,0.000000",,,,,,,,,,,,,,,,,,,,,,,,,,,,,,,,,,,,,,,,,,,,,,,,,,,,,,,,,,,,,,,,,,,,,
,,,,,,"0.000000,0.013369,0.766883,0.219735,0.000013",,,,,,,,,,,,,,,,,,,,,,,,,,,,,,,,,,,,,,,,,,,,,,,,,,,,,,,,,,,,,,,,,,,,,
,,,,,,"0.855042,0.144949,0.000008,0.000000,0.000000",,,,,,,,,,,,,,,,,,,,,,,,,,,,,,,,,,,,,,,,,,,,,,,,,,,,,,,,,,,,,,,,,,,,,
,,,,,,"0.191098,0.739495,0.069397,0.000010,0.000000",,,,,,,,,,,,,,,,,,,,,,,,,,,,,,,,,,,,,,,,,,,,,,,,,,,,,,,,,,,,,,,,,,,,,
,,,,,,"0.729460,0.268379,0.002161,0.000000,0.000000",,,,,,,,,,,,,,,,,,,,,,,,,,,,,,,,,,,,,,,,,,,,,,,,,,,,,,,,,,,,,,,,,,,,,
,,,,,,"0.191098,0.739495,0.069397,0.000010,0.000000",,,,,,,,,,,,,,,,,,,,,,,,,,,,,,,,,,,,,,,,,,,,,,,,,,,,,,,,,,,,,,,,,,,,,
,,,,,,"0.191098,0.739495,0.069397,0.000010,0.000000",,,,,,,,,,,,,,,,,,,,,,,,,,,,,,,,,,,,,,,,,,,,,,,,,,,,,,,,,,,,,,,,,,,,,
,,,,,,"0.001366,0.522405,0.476033,0.000196,0.000000",,,,,,,,,,,,,,,,,,,,,,,,,,,,,,,,,,,,,,,,,,,,,,,,,,,,,,,,,,,,,,,,,,,,,
,,,,,,"0.017010,0.837974,0.145007,0.000008,0.000000",,,,,,,,,,,,,,,,,,,,,,,,,,,,,,,,,,,,,,,,,,,,,,,,,,,,,,,,,,,,,,,,,,,,,
,,,,,,"0.965397,0.034603,0.000001,0.000000,0.000000",,,,,,,,,,,,,,,,,,,,,,,,,,,,,,,,,,,,,,,,,,,,,,,,,,,,,,,,,,,,,,,,,,,,,
,,,,,,"0.965397,0.034603,0.000001,0.000000,0.000000",,,,,,,,,,,,,,,,,,,,,,,,,,,,,,,,,,,,,,,,,,,,,,,,,,,,,,,,,,,,,,,,,,,,,
,,,,,,"0.965397,0.034603,0.000001,0.000000,0.000000",,,,,,,,,,,,,,,,,,,,,,,,,,,,,,,,,,,,,,,,,,,,,,,,,,,,,,,,,,,,,,,,,,,,,
,,,,,,"0.965397,0.034603,0.000001,0.000000,0.000000",,,,,,,,,,,,,,,,,,,,,,,,,,,,,,,,,,,,,,,,,,,,,,,,,,,,,,,,,,,,,,,,,,,,,
,,,,,,"0.000549,0.499784,0.499120,0.000546,0.000000",,,,,,,,,,,,,,,,,,,,,,,,,,,,,,,,,,,,,,,,,,,,,,,,,,,,,,,,,,,,,,,,,,,,,
,,,,,,"0.003004,0.558446,0.438478,0.000072,0.000000",,,,,,,,,,,,,,,,,,,,,,,,,,,,,,,,,,,,,,,,,,,,,,,,,,,,,,,,,,,,,,,,,,,,,
,,,,,,"0.000223,0.074956,0.899971,0.024850,0.000000",,,,,,,,,,,,,,,,,,,,,,,,,,,,,,,,,,,,,,,,,,,,,,,,,,,,,,,,,,,,,,,,,,,,,
,,,,,,"0.017060,0.838823,0.144108,0.000008,0.000000",,,,,,,,,,,,,,,,,,,,,,,,,,,,,,,,,,,,,,,,,,,,,,,,,,,,,,,,,,,,,,,,,,,,,
,,,,,,"0.003004,0.558446,0.438478,0.000072,0.000000",,,,,,,,,,,,,,,,,,,,,,,,,,,,,,,,,,,,,,,,,,,,,,,,,,,,,,,,,,,,,,,,,,,,,
,,,,,,"0.855042,0.144949,0.000008,0.000000,0.000000",,,,,,,,,,,,,,,,,,,,,,,,,,,,,,,,,,,,,,,,,,,,,,,,,,,,,,,,,,,,,,,,,,,,,
,,,,,,"0.005630,0.612847,0.381489,0.000034,0.000000",,,,,,,,,,,,,,,,,,,,,,,,,,,,,,,,,,,,,,,,,,,,,,,,,,,,,,,,,,,,,,,,,,,,,
,,,,,,"0.377368,0.616817,0.005815,0.000000,0.000000",,,,,,,,,,,,,,,,,,,,,,,,,,,,,,,,,,,,,,,,,,,,,,,,,,,,,,,,,,,,,,,,,,,,,
,,,,,,"0.683021,0.311090,0.005890,0.000000,0.000000",,,,,,,,,,,,,,,,,,,,,,,,,,,,,,,,,,,,,,,,,,,,,,,,,,,,,,,,,,,,,,,,,,,,,
,,,,,,"0.522661,0.477140,0.000199,0.000000,0.000000",,,,,,,,,,,,,,,,,,,,,,,,,,,,,,,,,,,,,,,,,,,,,,,,,,,,,,,,,,,,,,,,,,,,,
,,,,,,"0.245577,0.736874,0.017549,0.000000,0.000000",,,,,,,,,,,,,,,,,,,,,,,,,,,,,,,,,,,,,,,,,,,,,,,,,,,,,,,,,,,,,,,,,,,,,
,,,,,,"0.191098,0.739495,0.069397,0.000010,0.000000",,,,,,,,,,,,,,,,,,,,,,,,,,,,,,,,,,,,,,,,,,,,,,,,,,,,,,,,,,,,,,,,,,,,,
,,,,,,"0.245577,0.736874,0.017549,0.000000,0.000000",,,,,,,,,,,,,,,,,,,,,,,,,,,,,,,,,,,,,,,,,,,,,,,,,,,,,,,,,,,,,,,,,,,,,
,,,,,,"0.729460,0.268379,0.002161,0.000000,0.000000",,,,,,,,,,,,,,,,,,,,,,,,,,,,,,,,,,,,,,,,,,,,,,,,,,,,,,,,,,,,,,,,,,,,,
,,,,,,"0.887185,0.112272,0.000543,0.000000,0.000000",,,,,,,,,,,,,,,,,,,,,,,,,,,,,,,,,,,,,,,,,,,,,,,,,,,,,,,,,,,,,,,,,,,,,
,,,,,,dist_AE,,,,,,,,,,,,,,,,,,,,,,,,,,,,,,,,,,,,,,,,,,,,,,,,,,,,,,,,,,,,,,,,,,,,,
,,,,,,"0.683021,0.311090,0.005890,0.000000,0.000000",,,,,,,,,,,,,,,,,,,,,,,,,,,,,,,,,,,,,,,,,,,,,,,,,,,,,,,,,,,,,,,,,,,,,
,,,,,,"0.965397,0.034603,0.000001,0.000000,0.000000",,,,,,,,,,,,,,,,,,,,,,,,,,,,,,,,,,,,,,,,,,,,,,,,,,,,,,,,,,,,,,,,,,,,,
,,,,,,"0.887185,0.112272,0.000543,0.000000,0.000000",,,,,,,,,,,,,,,,,,,,,,,,,,,,,,,,,,,,,,,,,,,,,,,,,,,,,,,,,,,,,,,,,,,,,
,,,,,,"0.000000,0.013369,0.766883,0.219735,0.000013",,,,,,,,,,,,,,,,,,,,,,,,,,,,,,,,,,,,,,,,,,,,,,,,,,,,,,,,,,,,,,,,,,,,,
,,,,,,"0.855042,0.144949,0.000008,0.000000,0.000000",,,,,,,,,,,,,,,,,,,,,,,,,,,,,,,,,,,,,,,,,,,,,,,,,,,,,,,,,,,,,,,,,,,,,
,,,,,,"0.191098,0.739495,0.069397,0.000010,0.000000",,,,,,,,,,,,,,,,,,,,,,,,,,,,,,,,,,,,,,,,,,,,,,,,,,,,,,,,,,,,,,,,,,,,,
,,,,,,"0.729460,0.268379,0.002161,0.000000,0.000000",,,,,,,,,,,,,,,,,,,,,,,,,,,,,,,,,,,,,,,,,,,,,,,,,,,,,,,,,,,,,,,,,,,,,
,,,,,,"0.191098,0.739495,0.069397,0.000010,0.000000",,,,,,,,,,,,,,,,,,,,,,,,,,,,,,,,,,,,,,,,,,,,,,,,,,,,,,,,,,,,,,,,,,,,,
,,,,,,"0.191098,0.739495,0.069397,0.000010,0.000000",,,,,,,,,,,,,,,,,,,,,,,,,,,,,,,,,,,,,,,,,,,,,,,,,,,,,,,,,,,,,,,,,,,,,
,,,,,,"0.001366,0.522405,0.476033,0.000196,0.000000",,,,,,,,,,,,,,,,,,,,,,,,,,,,,,,,,,,,,,,,,,,,,,,,,,,,,,,,,,,,,,,,,,,,,
,,,,,,"0.017010,0.837974,0.145007,0.000008,0.000000",,,,,,,,,,,,,,,,,,,,,,,,,,,,,,,,,,,,,,,,,,,,,,,,,,,,,,,,,,,,,,,,,,,,,
,,,,,,"0.965397,0.034603,0.000001,0.000000,0.000000",,,,,,,,,,,,,,,,,,,,,,,,,,,,,,,,,,,,,,,,,,,,,,,,,,,,,,,,,,,,,,,,,,,,,
,,,,,,"0.965397,0.034603,0.000001,0.000000,0.000000",,,,,,,,,,,,,,,,,,,,,,,,,,,,,,,,,,,,,,,,,,,,,,,,,,,,,,,,,,,,,,,,,,,,,
,,,,,,"0.965397,0.034603,0.000001,0.000000,0.000000",,,,,,,,,,,,,,,,,,,,,,,,,,,,,,,,,,,,,,,,,,,,,,,,,,,,,,,,,,,,,,,,,,,,,
,,,,,,"0.965397,0.034603,0.000001,0.000000,0.000000",,,,,,,,,,,,,,,,,,,,,,,,,,,,,,,,,,,,,,,,,,,,,,,,,,,,,,,,,,,,,,,,,,,,,
,,,,,,"0.000549,0.499784,0.499120,0.000546,0.000000",,,,,,,,,,,,,,,,,,,,,,,,,,,,,,,,,,,,,,,,,,,,,,,,,,,,,,,,,,,,,,,,,,,,,
,,,,,,"0.003004,0.558446,0.438478,0.000072,0.000000",,,,,,,,,,,,,,,,,,,,,,,,,,,,,,,,,,,,,,,,,,,,,,,,,,,,,,,,,,,,,,,,,,,,,
,,,,,,"0.000223,0.074956,0.899971,0.024850,0.000000",,,,,,,,,,,,,,,,,,,,,,,,,,,,,,,,,,,,,,,,,,,,,,,,,,,,,,,,,,,,,,,,,,,,,
,,,,,,"0.017060,0.838823,0.144108,0.000008,0.000000",,,,,,,,,,,,,,,,,,,,,,,,,,,,,,,,,,,,,,,,,,,,,,,,,,,,,,,,,,,,,,,,,,,,,
,,,,,,"0.003004,0.558446,0.438478,0.000072,0.000000",,,,,,,,,,,,,,,,,,,,,,,,,,,,,,,,,,,,,,,,,,,,,,,,,,,,,,,,,,,,,,,,,,,,,
,,,,,,"0.855042,0.144949,0.000008,0.000000,0.000000",,,,,,,,,,,,,,,,,,,,,,,,,,,,,,,,,,,,,,,,,,,,,,,,,,,,,,,,,,,,,,,,,,,,,
,,,,,,"0.005630,0.612847,0.381489,0.000034,0.000000",,,,,,,,,,,,,,,,,,,,,,,,,,,,,,,,,,,,,,,,,,,,,,,,,,,,,,,,,,,,,,,,,,,,,
,,,,,,"0.377368,0.616817,0.005815,0.000000,0.000000",,,,,,,,,,,,,,,,,,,,,,,,,,,,,,,,,,,,,,,,,,,,,,,,,,,,,,,,,,,,,,,,,,,,,
,,,,,,"0.683021,0.311090,0.005890,0.000000,0.000000",,,,,,,,,,,,,,,,,,,,,,,,,,,,,,,,,,,,,,,,,,,,,,,,,,,,,,,,,,,,,,,,,,,,,
,,,,,,"0.522661,0.477140,0.000199,0.000000,0.000000",,,,,,,,,,,,,,,,,,,,,,,,,,,,,,,,,,,,,,,,,,,,,,,,,,,,,,,,,,,,,,,,,,,,,
,,,,,,"0.245577,0.736874,0.017549,0.000000,0.000000",,,,,,,,,,,,,,,,,,,,,,,,,,,,,,,,,,,,,,,,,,,,,,,,,,,,,,,,,,,,,,,,,,,,,
,,,,,,"0.191098,0.739495,0.069397,0.000010,0.000000",,,,,,,,,,,,,,,,,,,,,,,,,,,,,,,,,,,,,,,,,,,,,,,,,,,,,,,,,,,,,,,,,,,,,
,,,,,,"0.245577,0.736874,0.017549,0.000000,0.000000",,,,,,,,,,,,,,,,,,,,,,,,,,,,,,,,,,,,,,,,,,,,,,,,,,,,,,,,,,,,,,,,,,,,,
,,,,,,"0.729460,0.268379,0.002161,0.000000,0.000000",,,,,,,,,,,,,,,,,,,,,,,,,,,,,,,,,,,,,,,,,,,,,,,,,,,,,,,,,,,,,,,,,,,,,
,,,,,,"0.887185,0.112272,0.000543,0.000000,0.000000",,,,,,,,,,,,,,,,,,,,,,,,,,,,,,,,,,,,,,,,,,,,,,,,,,,,,,,,,,,,,,,,,,,,,
,,,,,,dist_AE,,,,,,,,,,,,,,,,,,,,,,,,,,,,,,,,,,,,,,,,,,,,,,,,,,,,,,,,,,,,,,,,,,,,,
,,,,,,"0.683021,0.311090,0.005890,0.000000,0.000000",,,,,,,,,,,,,,,,,,,,,,,,,,,,,,,,,,,,,,,,,,,,,,,,,,,,,,,,,,,,,,,,,,,,,
,,,,,,"0.965397,0.034603,0.000001,0.000000,0.000000",,,,,,,,,,,,,,,,,,,,,,,,,,,,,,,,,,,,,,,,,,,,,,,,,,,,,,,,,,,,,,,,,,,,,
,,,,,,"0.887185,0.112272,0.000543,0.000000,0.000000",,,,,,,,,,,,,,,,,,,,,,,,,,,,,,,,,,,,,,,,,,,,,,,,,,,,,,,,,,,,,,,,,,,,,
,,,,,,"0.000000,0.013369,0.766883,0.219735,0.000013",,,,,,,,,,,,,,,,,,,,,,,,,,,,,,,,,,,,,,,,,,,,,,,,,,,,,,,,,,,,,,,,,,,,,
,,,,,,"0.855042,0.144949,0.000008,0.000000,0.000000",,,,,,,,,,,,,,,,,,,,,,,,,,,,,,,,,,,,,,,,,,,,,,,,,,,,,,,,,,,,,,,,,,,,,
,,,,,,"0.191098,0.739495,0.069397,0.000010,0.000000",,,,,,,,,,,,,,,,,,,,,,,,,,,,,,,,,,,,,,,,,,,,,,,,,,,,,,,,,,,,,,,,,,,,,
,,,,,,"0.729460,0.268379,0.002161,0.000000,0.000000",,,,,,,,,,,,,,,,,,,,,,,,,,,,,,,,,,,,,,,,,,,,,,,,,,,,,,,,,,,,,,,,,,,,,
,,,,,,"0.191098,0.739495,0.069397,0.000010,0.000000",,,,,,,,,,,,,,,,,,,,,,,,,,,,,,,,,,,,,,,,,,,,,,,,,,,,,,,,,,,,,,,,,,,,,
,,,,,,"0.191098,0.739495,0.069397,0.000010,0.000000",,,,,,,,,,,,,,,,,,,,,,,,,,,,,,,,,,,,,,,,,,,,,,,,,,,,,,,,,,,,,,,,,,,,,
,,,,,,"0.001366,0.522405,0.476033,0.000196,0.000000",,,,,,,,,,,,,,,,,,,,,,,,,,,,,,,,,,,,,,,,,,,,,,,,,,,,,,,,,,,,,,,,,,,,,
,,,,,,"0.017010,0.837974,0.145007,0.000008,0.000000",,,,,,,,,,,,,,,,,,,,,,,,,,,,,,,,,,,,,,,,,,,,,,,,,,,,,,,,,,,,,,,,,,,,,
,,,,,,"0.965397,0.034603,0.000001,0.000000,0.000000",,,,,,,,,,,,,,,,,,,,,,,,,,,,,,,,,,,,,,,,,,,,,,,,,,,,,,,,,,,,,,,,,,,,,
,,,,,,"0.965397,0.034603,0.000001,0.000000,0.000000",,,,,,,,,,,,,,,,,,,,,,,,,,,,,,,,,,,,,,,,,,,,,,,,,,,,,,,,,,,,,,,,,,,,,
,,,,,,"0.965397,0.034603,0.000001,0.000000,0.000000",,,,,,,,,,,,,,,,,,,,,,,,,,,,,,,,,,,,,,,,,,,,,,,,,,,,,,,,,,,,,,,,,,,,,
,,,,,,"0.965397,0.034603,0.000001,0.000000,0.000000",,,,,,,,,,,,,,,,,,,,,,,,,,,,,,,,,,,,,,,,,,,,,,,,,,,,,,,,,,,,,,,,,,,,,
,,,,,,"0.000549,0.499784,0.499120,0.000546,0.000000",,,,,,,,,,,,,,,,,,,,,,,,,,,,,,,,,,,,,,,,,,,,,,,,,,,,,,,,,,,,,,,,,,,,,
,,,,,,"0.003004,0.558446,0.438478,0.000072,0.000000",,,,,,,,,,,,,,,,,,,,,,,,,,,,,,,,,,,,,,,,,,,,,,,,,,,,,,,,,,,,,,,,,,,,,
,,,,,,"0.000223,0.074956,0.899971,0.024850,0.000000",,,,,,,,,,,,,,,,,,,,,,,,,,,,,,,,,,,,,,,,,,,,,,,,,,,,,,,,,,,,,,,,,,,,,
,,,,,,"0.017060,0.838823,0.144108,0.000008,0.000000",,,,,,,,,,,,,,,,,,,,,,,,,,,,,,,,,,,,,,,,,,,,,,,,,,,,,,,,,,,,,,,,,,,,,
,,,,,,"0.003004,0.558446,0.438478,0.000072,0.000000",,,,,,,,,,,,,,,,,,,,,,,,,,,,,,,,,,,,,,,,,,,,,,,,,,,,,,,,,,,,,,,,,,,,,
,,,,,,"0.855042,0.144949,0.000008,0.000000,0.000000",,,,,,,,,,,,,,,,,,,,,,,,,,,,,,,,,,,,,,,,,,,,,,,,,,,,,,,,,,,,,,,,,,,,,
,,,,,,"0.005630,0.612847,0.381489,0.000034,0.000000",,,,,,,,,,,,,,,,,,,,,,,,,,,,,,,,,,,,,,,,,,,,,,,,,,,,,,,,,,,,,,,,,,,,,
,,,,,,"0.377368,0.616817,0.005815,0.000000,0.000000",,,,,,,,,,,,,,,,,,,,,,,,,,,,,,,,,,,,,,,,,,,,,,,,,,,,,,,,,,,,,,,,,,,,,
,,,,,,"0.683021,0.311090,0.005890,0.000000,0.000000",,,,,,,,,,,,,,,,,,,,,,,,,,,,,,,,,,,,,,,,,,,,,,,,,,,,,,,,,,,,,,,,,,,,,
,,,,,,"0.522661,0.477140,0.000199,0.000000,0.000000",,,,,,,,,,,,,,,,,,,,,,,,,,,,,,,,,,,,,,,,,,,,,,,,,,,,,,,,,,,,,,,,,,,,,
,,,,,,"0.245577,0.736874,0.017549,0.000000,0.000000",,,,,,,,,,,,,,,,,,,,,,,,,,,,,,,,,,,,,,,,,,,,,,,,,,,,,,,,,,,,,,,,,,,,,
,,,,,,"0.191098,0.739495,0.069397,0.000010,0.000000",,,,,,,,,,,,,,,,,,,,,,,,,,,,,,,,,,,,,,,,,,,,,,,,,,,,,,,,,,,,,,,,,,,,,
,,,,,,"0.245577,0.736874,0.017549,0.000000,0.000000",,,,,,,,,,,,,,,,,,,,,,,,,,,,,,,,,,,,,,,,,,,,,,,,,,,,,,,,,,,,,,,,,,,,,
,,,,,,"0.729460,0.268379,0.002161,0.000000,0.000000",,,,,,,,,,,,,,,,,,,,,,,,,,,,,,,,,,,,,,,,,,,,,,,,,,,,,,,,,,,,,,,,,,,,,
,,,,,,"0.887185,0.112272,0.000543,0.000000,0.000000",,,,,,,,,,,,,,,,,,,,,,,,,,,,,,,,,,,,,,,,,,,,,,,,,,,,,,,,,,,,,,,,,,,,,
,,,,,,dist_AE,,,,,,,,,,,,,,,,,,,,,,,,,,,,,,,,,,,,,,,,,,,,,,,,,,,,,,,,,,,,,,,,,,,,,
,,,,,,"0.683021,0.311090,0.005890,0.000000,0.000000",,,,,,,,,,,,,,,,,,,,,,,,,,,,,,,,,,,,,,,,,,,,,,,,,,,,,,,,,,,,,,,,,,,,,
,,,,,,"0.965397,0.034603,0.000001,0.000000,0.000000",,,,,,,,,,,,,,,,,,,,,,,,,,,,,,,,,,,,,,,,,,,,,,,,,,,,,,,,,,,,,,,,,,,,,
,,,,,,"0.887185,0.112272,0.000543,0.000000,0.000000",,,,,,,,,,,,,,,,,,,,,,,,,,,,,,,,,,,,,,,,,,,,,,,,,,,,,,,,,,,,,,,,,,,,,
,,,,,,"0.000000,0.013369,0.766883,0.219735,0.000013",,,,,,,,,,,,,,,,,,,,,,,,,,,,,,,,,,,,,,,,,,,,,,,,,,,,,,,,,,,,,,,,,,,,,
,,,,,,"0.855042,0.144949,0.000008,0.000000,0.000000",,,,,,,,,,,,,,,,,,,,,,,,,,,,,,,,,,,,,,,,,,,,,,,,,,,,,,,,,,,,,,,,,,,,,
,,,,,,"0.191098,0.739495,0.069397,0.000010,0.000000",,,,,,,,,,,,,,,,,,,,,,,,,,,,,,,,,,,,,,,,,,,,,,,,,,,,,,,,,,,,,,,,,,,,,
,,,,,,"0.729460,0.268379,0.002161,0.000000,0.000000",,,,,,,,,,,,,,,,,,,,,,,,,,,,,,,,,,,,,,,,,,,,,,,,,,,,,,,,,,,,,,,,,,,,,
,,,,,,"0.191098,0.739495,0.069397,0.000010,0.000000",,,,,,,,,,,,,,,,,,,,,,,,,,,,,,,,,,,,,,,,,,,,,,,,,,,,,,,,,,,,,,,,,,,,,
,,,,,,"0.191098,0.739495,0.069397,0.000010,0.000000",,,,,,,,,,,,,,,,,,,,,,,,,,,,,,,,,,,,,,,,,,,,,,,,,,,,,,,,,,,,,,,,,,,,,
,,,,,,"0.001366,0.522405,0.476033,0.000196,0.000000",,,,,,,,,,,,,,,,,,,,,,,,,,,,,,,,,,,,,,,,,,,,,,,,,,,,,,,,,,,,,,,,,,,,,
,,,,,,"0.017010,0.837974,0.145007,0.000008,0.000000",,,,,,,,,,,,,,,,,,,,,,,,,,,,,,,,,,,,,,,,,,,,,,,,,,,,,,,,,,,,,,,,,,,,,
,,,,,,"0.965397,0.034603,0.000001,0.000000,0.000000",,,,,,,,,,,,,,,,,,,,,,,,,,,,,,,,,,,,,,,,,,,,,,,,,,,,,,,,,,,,,,,,,,,,,
,,,,,,"0.965397,0.034603,0.000001,0.000000,0.000000",,,,,,,,,,,,,,,,,,,,,,,,,,,,,,,,,,,,,,,,,,,,,,,,,,,,,,,,,,,,,,,,,,,,,
,,,,,,"0.965397,0.034603,0.000001,0.000000,0.000000",,,,,,,,,,,,,,,,,,,,,,,,,,,,,,,,,,,,,,,,,,,,,,,,,,,,,,,,,,,,,,,,,,,,,
,,,,,,"0.965397,0.034603,0.000001,0.000000,0.000000",,,,,,,,,,,,,,,,,,,,,,,,,,,,,,,,,,,,,,,,,,,,,,,,,,,,,,,,,,,,,,,,,,,,,
,,,,,,"0.000549,0.499784,0.499120,0.000546,0.000000",,,,,,,,,,,,,,,,,,,,,,,,,,,,,,,,,,,,,,,,,,,,,,,,,,,,,,,,,,,,,,,,,,,,,
,,,,,,"0.003004,0.558446,0.438478,0.000072,0.000000",,,,,,,,,,,,,,,,,,,,,,,,,,,,,,,,,,,,,,,,,,,,,,,,,,,,,,,,,,,,,,,,,,,,,
,,,,,,"0.000223,0.074956,0.899971,0.024850,0.000000",,,,,,,,,,,,,,,,,,,,,,,,,,,,,,,,,,,,,,,,,,,,,,,,,,,,,,,,,,,,,,,,,,,,,
,,,,,,"0.017060,0.838823,0.144108,0.000008,0.000000",,,,,,,,,,,,,,,,,,,,,,,,,,,,,,,,,,,,,,,,,,,,,,,,,,,,,,,,,,,,,,,,,,,,,
,,,,,,"0.003004,0.558446,0.438478,0.000072,0.000000",,,,,,,,,,,,,,,,,,,,,,,,,,,,,,,,,,,,,,,,,,,,,,,,,,,,,,,,,,,,,,,,,,,,,
,,,,,,"0.855042,0.144949,0.000008,0.000000,0.000000",,,,,,,,,,,,,,,,,,,,,,,,,,,,,,,,,,,,,,,,,,,,,,,,,,,,,,,,,,,,,,,,,,,,,
,,,,,,"0.005630,0.612847,0.381489,0.000034,0.000000",,,,,,,,,,,,,,,,,,,,,,,,,,,,,,,,,,,,,,,,,,,,,,,,,,,,,,,,,,,,,,,,,,,,,
,,,,,,"0.377368,0.616817,0.005815,0.000000,0.000000",,,,,,,,,,,,,,,,,,,,,,,,,,,,,,,,,,,,,,,,,,,,,,,,,,,,,,,,,,,,,,,,,,,,,
,,,,,,"0.683021,0.311090,0.005890,0.000000,0.000000",,,,,,,,,,,,,,,,,,,,,,,,,,,,,,,,,,,,,,,,,,,,,,,,,,,,,,,,,,,,,,,,,,,,,
,,,,,,"0.522661,0.477140,0.000199,0.000000,0.000000",,,,,,,,,,,,,,,,,,,,,,,,,,,,,,,,,,,,,,,,,,,,,,,,,,,,,,,,,,,,,,,,,,,,,
,,,,,,"0.245577,0.736874,0.017549,0.000000,0.000000",,,,,,,,,,,,,,,,,,,,,,,,,,,,,,,,,,,,,,,,,,,,,,,,,,,,,,,,,,,,,,,,,,,,,
,,,,,,"0.191098,0.739495,0.069397,0.000010,0.000000",,,,,,,,,,,,,,,,,,,,,,,,,,,,,,,,,,,,,,,,,,,,,,,,,,,,,,,,,,,,,,,,,,,,,
,,,,,,"0.245577,0.736874,0.017549,0.000000,0.000000",,,,,,,,,,,,,,,,,,,,,,,,,,,,,,,,,,,,,,,,,,,,,,,,,,,,,,,,,,,,,,,,,,,,,
,,,,,,"0.729460,0.268379,0.002161,0.000000,0.000000",,,,,,,,,,,,,,,,,,,,,,,,,,,,,,,,,,,,,,,,,,,,,,,,,,,,,,,,,,,,,,,,,,,,,
,,,,,,"0.887185,0.112272,0.000543,0.000000,0.000000",,,,,,,,,,,,,,,,,,,,,,,,,,,,,,,,,,,,,,,,,,,,,,,,,,,,,,,,,,,,,,,,,,,,,
,,,,,,dist_AE,,,,,,,,,,,,,,,,,,,,,,,,,,,,,,,,,,,,,,,,,,,,,,,,,,,,,,,,,,,,,,,,,,,,,
,,,,,,"0.683021,0.311090,0.005890,0.000000,0.000000",,,,,,,,,,,,,,,,,,,,,,,,,,,,,,,,,,,,,,,,,,,,,,,,,,,,,,,,,,,,,,,,,,,,,
,,,,,,"0.965397,0.034603,0.000001,0.000000,0.000000",,,,,,,,,,,,,,,,,,,,,,,,,,,,,,,,,,,,,,,,,,,,,,,,,,,,,,,,,,,,,,,,,,,,,
,,,,,,"0.887185,0.112272,0.000543,0.000000,0.000000",,,,,,,,,,,,,,,,,,,,,,,,,,,,,,,,,,,,,,,,,,,,,,,,,,,,,,,,,,,,,,,,,,,,,
,,,,,,"0.000000,0.013369,0.766883,0.219735,0.000013",,,,,,,,,,,,,,,,,,,,,,,,,,,,,,,,,,,,,,,,,,,,,,,,,,,,,,,,,,,,,,,,,,,,,
,,,,,,"0.855042,0.144949,0.000008,0.000000,0.000000",,,,,,,,,,,,,,,,,,,,,,,,,,,,,,,,,,,,,,,,,,,,,,,,,,,,,,,,,,,,,,,,,,,,,
,,,,,,"0.191098,0.739495,0.069397,0.000010,0.000000",,,,,,,,,,,,,,,,,,,,,,,,,,,,,,,,,,,,,,,,,,,,,,,,,,,,,,,,,,,,,,,,,,,,,
,,,,,,"0.729460,0.268379,0.002161,0.000000,0.000000",,,,,,,,,,,,,,,,,,,,,,,,,,,,,,,,,,,,,,,,,,,,,,,,,,,,,,,,,,,,,,,,,,,,,
,,,,,,"0.191098,0.739495,0.069397,0.000010,0.000000",,,,,,,,,,,,,,,,,,,,,,,,,,,,,,,,,,,,,,,,,,,,,,,,,,,,,,,,,,,,,,,,,,,,,
,,,,,,"0.191098,0.739495,0.069397,0.000010,0.000000",,,,,,,,,,,,,,,,,,,,,,,,,,,,,,,,,,,,,,,,,,,,,,,,,,,,,,,,,,,,,,,,,,,,,
,,,,,,"0.001366,0.522405,0.476033,0.000196,0.000000",,,,,,,,,,,,,,,,,,,,,,,,,,,,,,,,,,,,,,,,,,,,,,,,,,,,,,,,,,,,,,,,,,,,,
,,,,,,"0.017010,0.837974,0.145007,0.000008,0.000000",,,,,,,,,,,,,,,,,,,,,,,,,,,,,,,,,,,,,,,,,,,,,,,,,,,,,,,,,,,,,,,,,,,,,
,,,,,,"0.965397,0.034603,0.000001,0.000000,0.000000",,,,,,,,,,,,,,,,,,,,,,,,,,,,,,,,,,,,,,,,,,,,,,,,,,,,,,,,,,,,,,,,,,,,,
,,,,,,"0.965397,0.034603,0.000001,0.000000,0.000000",,,,,,,,,,,,,,,,,,,,,,,,,,,,,,,,,,,,,,,,,,,,,,,,,,,,,,,,,,,,,,,,,,,,,
,,,,,,"0.965397,0.034603,0.000001,0.000000,0.000000",,,,,,,,,,,,,,,,,,,,,,,,,,,,,,,,,,,,,,,,,,,,,,,,,,,,,,,,,,,,,,,,,,,,,
,,,,,,"0.965397,0.034603,0.000001,0.000000,0.000000",,,,,,,,,,,,,,,,,,,,,,,,,,,,,,,,,,,,,,,,,,,,,,,,,,,,,,,,,,,,,,,,,,,,,
,,,,,,"0.000549,0.499784,0.499120,0.000546,0.000000",,,,,,,,,,,,,,,,,,,,,,,,,,,,,,,,,,,,,,,,,,,,,,,,,,,,,,,,,,,,,,,,,,,,,
,,,,,,"0.003004,0.558446,0.438478,0.000072,0.000000",,,,,,,,,,,,,,,,,,,,,,,,,,,,,,,,,,,,,,,,,,,,,,,,,,,,,,,,,,,,,,,,,,,,,
,,,,,,"0.000223,0.074956,0.899971,0.024850,0.000000",,,,,,,,,,,,,,,,,,,,,,,,,,,,,,,,,,,,,,,,,,,,,,,,,,,,,,,,,,,,,,,,,,,,,
,,,,,,"0.017060,0.838823,0.144108,0.000008,0.000000",,,,,,,,,,,,,,,,,,,,,,,,,,,,,,,,,,,,,,,,,,,,,,,,,,,,,,,,,,,,,,,,,,,,,
,,,,,,"0.003004,0.558446,0.438478,0.000072,0.000000",,,,,,,,,,,,,,,,,,,,,,,,,,,,,,,,,,,,,,,,,,,,,,,,,,,,,,,,,,,,,,,,,,,,,
,,,,,,"0.855042,0.144949,0.000008,0.000000,0.000000",,,,,,,,,,,,,,,,,,,,,,,,,,,,,,,,,,,,,,,,,,,,,,,,,,,,,,,,,,,,,,,,,,,,,
,,,,,,"0.005630,0.612847,0.381489,0.000034,0.000000",,,,,,,,,,,,,,,,,,,,,,,,,,,,,,,,,,,,,,,,,,,,,,,,,,,,,,,,,,,,,,,,,,,,,
,,,,,,"0.377368,0.616817,0.005815,0.000000,0.000000",,,,,,,,,,,,,,,,,,,,,,,,,,,,,,,,,,,,,,,,,,,,,,,,,,,,,,,,,,,,,,,,,,,,,
,,,,,,"0.683021,0.311090,0.005890,0.000000,0.000000",,,,,,,,,,,,,,,,,,,,,,,,,,,,,,,,,,,,,,,,,,,,,,,,,,,,,,,,,,,,,,,,,,,,,
,,,,,,"0.522661,0.477140,0.000199,0.000000,0.000000",,,,,,,,,,,,,,,,,,,,,,,,,,,,,,,,,,,,,,,,,,,,,,,,,,,,,,,,,,,,,,,,,,,,,
,,,,,,"0.245577,0.736874,0.017549,0.000000,0.000000",,,,,,,,,,,,,,,,,,,,,,,,,,,,,,,,,,,,,,,,,,,,,,,,,,,,,,,,,,,,,,,,,,,,,
,,,,,,"0.191098,0.739495,0.069397,0.000010,0.000000",,,,,,,,,,,,,,,,,,,,,,,,,,,,,,,,,,,,,,,,,,,,,,,,,,,,,,,,,,,,,,,,,,,,,
,,,,,,"0.245577,0.736874,0.017549,0.000000,0.000000",,,,,,,,,,,,,,,,,,,,,,,,,,,,,,,,,,,,,,,,,,,,,,,,,,,,,,,,,,,,,,,,,,,,,
,,,,,,"0.729460,0.268379,0.002161,0.000000,0.000000",,,,,,,,,,,,,,,,,,,,,,,,,,,,,,,,,,,,,,,,,,,,,,,,,,,,,,,,,,,,,,,,,,,,,
,,,,,,"0.887185,0.112272,0.000543,0.000000,0.000000",,,,,,,,,,,,,,,,,,,,,,,,,,,,,,,,,,,,,,,,,,,,,,,,,,,,,,,,,,,,,,,,,,,,,
,,,,,,dist_AE,,,,,,,,,,,,,,,,,,,,,,,,,,,,,,,,,,,,,,,,,,,,,,,,,,,,,,,,,,,,,,,,,,,,,
,,,,,,"0.683021,0.311090,0.005890,0.000000,0.000000",,,,,,,,,,,,,,,,,,,,,,,,,,,,,,,,,,,,,,,,,,,,,,,,,,,,,,,,,,,,,,,,,,,,,
,,,,,,"0.965397,0.034603,0.000001,0.000000,0.000000",,,,,,,,,,,,,,,,,,,,,,,,,,,,,,,,,,,,,,,,,,,,,,,,,,,,,,,,,,,,,,,,,,,,,
,,,,,,"0.887185,0.112272,0.000543,0.000000,0.000000",,,,,,,,,,,,,,,,,,,,,,,,,,,,,,,,,,,,,,,,,,,,,,,,,,,,,,,,,,,,,,,,,,,,,
,,,,,,"0.000000,0.013369,0.766883,0.219735,0.000013",,,,,,,,,,,,,,,,,,,,,,,,,,,,,,,,,,,,,,,,,,,,,,,,,,,,,,,,,,,,,,,,,,,,,
,,,,,,"0.855042,0.144949,0.000008,0.000000,0.000000",,,,,,,,,,,,,,,,,,,,,,,,,,,,,,,,,,,,,,,,,,,,,,,,,,,,,,,,,,,,,,,,,,,,,
,,,,,,"0.191098,0.739495,0.069397,0.000010,0.000000",,,,,,,,,,,,,,,,,,,,,,,,,,,,,,,,,,,,,,,,,,,,,,,,,,,,,,,,,,,,,,,,,,,,,
,,,,,,"0.729460,0.268379,0.002161,0.000000,0.000000",,,,,,,,,,,,,,,,,,,,,,,,,,,,,,,,,,,,,,,,,,,,,,,,,,,,,,,,,,,,,,,,,,,,,
,,,,,,"0.191098,0.739495,0.069397,0.000010,0.000000",,,,,,,,,,,,,,,,,,,,,,,,,,,,,,,,,,,,,,,,,,,,,,,,,,,,,,,,,,,,,,,,,,,,,
,,,,,,"0.191098,0.739495,0.069397,0.000010,0.000000",,,,,,,,,,,,,,,,,,,,,,,,,,,,,,,,,,,,,,,,,,,,,,,,,,,,,,,,,,,,,,,,,,,,,
,,,,,,"0.001366,0.522405,0.476033,0.000196,0.000000",,,,,,,,,,,,,,,,,,,,,,,,,,,,,,,,,,,,,,,,,,,,,,,,,,,,,,,,,,,,,,,,,,,,,
,,,,,,"0.017010,0.837974,0.145007,0.000008,0.000000",,,,,,,,,,,,,,,,,,,,,,,,,,,,,,,,,,,,,,,,,,,,,,,,,,,,,,,,,,,,,,,,,,,,,
,,,,,,"0.965397,0.034603,0.000001,0.000000,0.000000",,,,,,,,,,,,,,,,,,,,,,,,,,,,,,,,,,,,,,,,,,,,,,,,,,,,,,,,,,,,,,,,,,,,,
,,,,,,"0.965397,0.034603,0.000001,0.000000,0.000000",,,,,,,,,,,,,,,,,,,,,,,,,,,,,,,,,,,,,,,,,,,,,,,,,,,,,,,,,,,,,,,,,,,,,
,,,,,,"0.965397,0.034603,0.000001,0.000000,0.000000",,,,,,,,,,,,,,,,,,,,,,,,,,,,,,,,,,,,,,,,,,,,,,,,,,,,,,,,,,,,,,,,,,,,,
,,,,,,"0.965397,0.034603,0.000001,0.000000,0.000000",,,,,,,,,,,,,,,,,,,,,,,,,,,,,,,,,,,,,,,,,,,,,,,,,,,,,,,,,,,,,,,,,,,,,
,,,,,,"0.000549,0.499784,0.499120,0.000546,0.000000",,,,,,,,,,,,,,,,,,,,,,,,,,,,,,,,,,,,,,,,,,,,,,,,,,,,,,,,,,,,,,,,,,,,,
,,,,,,"0.003004,0.558446,0.438478,0.000072,0.000000",,,,,,,,,,,,,,,,,,,,,,,,,,,,,,,,,,,,,,,,,,,,,,,,,,,,,,,,,,,,,,,,,,,,,
,,,,,,"0.000223,0.074956,0.899971,0.024850,0.000000",,,,,,,,,,,,,,,,,,,,,,,,,,,,,,,,,,,,,,,,,,,,,,,,,,,,,,,,,,,,,,,,,,,,,
,,,,,,"0.017060,0.838823,0.144108,0.000008,0.000000",,,,,,,,,,,,,,,,,,,,,,,,,,,,,,,,,,,,,,,,,,,,,,,,,,,,,,,,,,,,,,,,,,,,,
,,,,,,"0.003004,0.558446,0.438478,0.000072,0.000000",,,,,,,,,,,,,,,,,,,,,,,,,,,,,,,,,,,,,,,,,,,,,,,,,,,,,,,,,,,,,,,,,,,,,
,,,,,,"0.855042,0.144949,0.000008,0.000000,0.000000",,,,,,,,,,,,,,,,,,,,,,,,,,,,,,,,,,,,,,,,,,,,,,,,,,,,,,,,,,,,,,,,,,,,,
,,,,,,"0.005630,0.612847,0.381489,0.000034,0.000000",,,,,,,,,,,,,,,,,,,,,,,,,,,,,,,,,,,,,,,,,,,,,,,,,,,,,,,,,,,,,,,,,,,,,
,,,,,,"0.377368,0.616817,0.005815,0.000000,0.000000",,,,,,,,,,,,,,,,,,,,,,,,,,,,,,,,,,,,,,,,,,,,,,,,,,,,,,,,,,,,,,,,,,,,,
,,,,,,"0.683021,0.311090,0.005890,0.000000,0.000000",,,,,,,,,,,,,,,,,,,,,,,,,,,,,,,,,,,,,,,,,,,,,,,,,,,,,,,,,,,,,,,,,,,,,
,,,,,,"0.522661,0.477140,0.000199,0.000000,0.000000",,,,,,,,,,,,,,,,,,,,,,,,,,,,,,,,,,,,,,,,,,,,,,,,,,,,,,,,,,,,,,,,,,,,,
,,,,,,"0.245577,0.736874,0.017549,0.000000,0.000000",,,,,,,,,,,,,,,,,,,,,,,,,,,,,,,,,,,,,,,,,,,,,,,,,,,,,,,,,,,,,,,,,,,,,
,,,,,,"0.191098,0.739495,0.069397,0.000010,0.000000",,,,,,,,,,,,,,,,,,,,,,,,,,,,,,,,,,,,,,,,,,,,,,,,,,,,,,,,,,,,,,,,,,,,,
,,,,,,"0.245577,0.736874,0.017549,0.000000,0.000000",,,,,,,,,,,,,,,,,,,,,,,,,,,,,,,,,,,,,,,,,,,,,,,,,,,,,,,,,,,,,,,,,,,,,
,,,,,,"0.729460,0.268379,0.002161,0.000000,0.000000",,,,,,,,,,,,,,,,,,,,,,,,,,,,,,,,,,,,,,,,,,,,,,,,,,,,,,,,,,,,,,,,,,,,,
,,,,,,"0.887185,0.112272,0.000543,0.000000,0.000000",,,,,,,,,,,,,,,,,,,,,,,,,,,,,,,,,,,,,,,,,,,,,,,,,,,,,,,,,,,,,,,,,,,,,
,,,,,,dist_AE,,,,,,,,,,,,,,,,,,,,,,,,,,,,,,,,,,,,,,,,,,,,,,,,,,,,,,,,,,,,,,,,,,,,,
,,,,,,"0.683021,0.311090,0.005890,0.000000,0.000000",,,,,,,,,,,,,,,,,,,,,,,,,,,,,,,,,,,,,,,,,,,,,,,,,,,,,,,,,,,,,,,,,,,,,
,,,,,,"0.965397,0.034603,0.000001,0.000000,0.000000",,,,,,,,,,,,,,,,,,,,,,,,,,,,,,,,,,,,,,,,,,,,,,,,,,,,,,,,,,,,,,,,,,,,,
,,,,,,"0.887185,0.112272,0.000543,0.000000,0.000000",,,,,,,,,,,,,,,,,,,,,,,,,,,,,,,,,,,,,,,,,,,,,,,,,,,,,,,,,,,,,,,,,,,,,
,,,,,,"0.000000,0.013369,0.766883,0.219735,0.000013",,,,,,,,,,,,,,,,,,,,,,,,,,,,,,,,,,,,,,,,,,,,,,,,,,,,,,,,,,,,,,,,,,,,,
,,,,,,"0.855042,0.144949,0.000008,0.000000,0.000000",,,,,,,,,,,,,,,,,,,,,,,,,,,,,,,,,,,,,,,,,,,,,,,,,,,,,,,,,,,,,,,,,,,,,
,,,,,,"0.191098,0.739495,0.069397,0.000010,0.000000",,,,,,,,,,,,,,,,,,,,,,,,,,,,,,,,,,,,,,,,,,,,,,,,,,,,,,,,,,,,,,,,,,,,,
,,,,,,"0.729460,0.268379,0.002161,0.000000,0.000000",,,,,,,,,,,,,,,,,,,,,,,,,,,,,,,,,,,,,,,,,,,,,,,,,,,,,,,,,,,,,,,,,,,,,
,,,,,,"0.191098,0.739495,0.069397,0.000010,0.000000",,,,,,,,,,,,,,,,,,,,,,,,,,,,,,,,,,,,,,,,,,,,,,,,,,,,,,,,,,,,,,,,,,,,,
,,,,,,"0.191098,0.739495,0.069397,0.000010,0.000000",,,,,,,,,,,,,,,,,,,,,,,,,,,,,,,,,,,,,,,,,,,,,,,,,,,,,,,,,,,,,,,,,,,,,
,,,,,,"0.001366,0.522405,0.476033,0.000196,0.000000",,,,,,,,,,,,,,,,,,,,,,,,,,,,,,,,,,,,,,,,,,,,,,,,,,,,,,,,,,,,,,,,,,,,,
,,,,,,"0.017010,0.837974,0.145007,0.000008,0.000000",,,,,,,,,,,,,,,,,,,,,,,,,,,,,,,,,,,,,,,,,,,,,,,,,,,,,,,,,,,,,,,,,,,,,
,,,,,,"0.965397,0.034603,0.000001,0.000000,0.000000",,,,,,,,,,,,,,,,,,,,,,,,,,,,,,,,,,,,,,,,,,,,,,,,,,,,,,,,,,,,,,,,,,,,,
,,,,,,"0.965397,0.034603,0.000001,0.000000,0.000000",,,,,,,,,,,,,,,,,,,,,,,,,,,,,,,,,,,,,,,,,,,,,,,,,,,,,,,,,,,,,,,,,,,,,
,,,,,,"0.965397,0.034603,0.000001,0.000000,0.000000",,,,,,,,,,,,,,,,,,,,,,,,,,,,,,,,,,,,,,,,,,,,,,,,,,,,,,,,,,,,,,,,,,,,,
,,,,,,"0.965397,0.034603,0.000001,0.000000,0.000000",,,,,,,,,,,,,,,,,,,,,,,,,,,,,,,,,,,,,,,,,,,,,,,,,,,,,,,,,,,,,,,,,,,,,
,,,,,,"0.000549,0.499784,0.499120,0.000546,0.000000",,,,,,,,,,,,,,,,,,,,,,,,,,,,,,,,,,,,,,,,,,,,,,,,,,,,,,,,,,,,,,,,,,,,,
,,,,,,"0.003004,0.558446,0.438478,0.000072,0.000000",,,,,,,,,,,,,,,,,,,,,,,,,,,,,,,,,,,,,,,,,,,,,,,,,,,,,,,,,,,,,,,,,,,,,
,,,,,,"0.000223,0.074956,0.899971,0.024850,0.000000",,,,,,,,,,,,,,,,,,,,,,,,,,,,,,,,,,,,,,,,,,,,,,,,,,,,,,,,,,,,,,,,,,,,,
,,,,,,"0.017060,0.838823,0.144108,0.000008,0.000000",,,,,,,,,,,,,,,,,,,,,,,,,,,,,,,,,,,,,,,,,,,,,,,,,,,,,,,,,,,,,,,,,,,,,
,,,,,,"0.003004,0.558446,0.438478,0.000072,0.000000",,,,,,,,,,,,,,,,,,,,,,,,,,,,,,,,,,,,,,,,,,,,,,,,,,,,,,,,,,,,,,,,,,,,,
,,,,,,"0.855042,0.144949,0.000008,0.000000,0.000000",,,,,,,,,,,,,,,,,,,,,,,,,,,,,,,,,,,,,,,,,,,,,,,,,,,,,,,,,,,,,,,,,,,,,
,,,,,,"0.005630,0.612847,0.381489,0.000034,0.000000",,,,,,,,,,,,,,,,,,,,,,,,,,,,,,,,,,,,,,,,,,,,,,,,,,,,,,,,,,,,,,,,,,,,,
,,,,,,"0.377368,0.616817,0.005815,0.000000,0.000000",,,,,,,,,,,,,,,,,,,,,,,,,,,,,,,,,,,,,,,,,,,,,,,,,,,,,,,,,,,,,,,,,,,,,
,,,,,,"0.683021,0.311090,0.005890,0.000000,0.000000",,,,,,,,,,,,,,,,,,,,,,,,,,,,,,,,,,,,,,,,,,,,,,,,,,,,,,,,,,,,,,,,,,,,,
,,,,,,"0.522661,0.477140,0.000199,0.000000,0.000000",,,,,,,,,,,,,,,,,,,,,,,,,,,,,,,,,,,,,,,,,,,,,,,,,,,,,,,,,,,,,,,,,,,,,
,,,,,,"0.245577,0.736874,0.017549,0.000000,0.000000",,,,,,,,,,,,,,,,,,,,,,,,,,,,,,,,,,,,,,,,,,,,,,,,,,,,,,,,,,,,,,,,,,,,,
,,,,,,"0.191098,0.739495,0.069397,0.000010,0.000000",,,,,,,,,,,,,,,,,,,,,,,,,,,,,,,,,,,,,,,,,,,,,,,,,,,,,,,,,,,,,,,,,,,,,
,,,,,,"0.245577,0.736874,0.017549,0.000000,0.000000",,,,,,,,,,,,,,,,,,,,,,,,,,,,,,,,,,,,,,,,,,,,,,,,,,,,,,,,,,,,,,,,,,,,,
,,,,,,"0.729460,0.268379,0.002161,0.000000,0.000000",,,,,,,,,,,,,,,,,,,,,,,,,,,,,,,,,,,,,,,,,,,,,,,,,,,,,,,,,,,,,,,,,,,,,
,,,,,,"0.887185,0.112272,0.000543,0.000000,0.000000",,,,,,,,,,,,,,,,,,,,,,,,,,,,,,,,,,,,,,,,,,,,,,,,,,,,,,,,,,,,,,,,,,,,,
,,,,,,dist_AE,,,,,,,,,,,,,,,,,,,,,,,,,,,,,,,,,,,,,,,,,,,,,,,,,,,,,,,,,,,,,,,,,,,,,
,,,,,,"0.683021,0.311090,0.005890,0.000000,0.000000",,,,,,,,,,,,,,,,,,,,,,,,,,,,,,,,,,,,,,,,,,,,,,,,,,,,,,,,,,,,,,,,,,,,,
,,,,,,"0.965397,0.034603,0.000001,0.000000,0.000000",,,,,,,,,,,,,,,,,,,,,,,,,,,,,,,,,,,,,,,,,,,,,,,,,,,,,,,,,,,,,,,,,,,,,
,,,,,,"0.887185,0.112272,0.000543,0.000000,0.000000",,,,,,,,,,,,,,,,,,,,,,,,,,,,,,,,,,,,,,,,,,,,,,,,,,,,,,,,,,,,,,,,,,,,,
,,,,,,"0.000000,0.013369,0.766883,0.219735,0.000013",,,,,,,,,,,,,,,,,,,,,,,,,,,,,,,,,,,,,,,,,,,,,,,,,,,,,,,,,,,,,,,,,,,,,
,,,,,,"0.855042,0.144949,0.000008,0.000000,0.000000",,,,,,,,,,,,,,,,,,,,,,,,,,,,,,,,,,,,,,,,,,,,,,,,,,,,,,,,,,,,,,,,,,,,,
,,,,,,"0.191098,0.739495,0.069397,0.000010,0.000000",,,,,,,,,,,,,,,,,,,,,,,,,,,,,,,,,,,,,,,,,,,,,,,,,,,,,,,,,,,,,,,,,,,,,
,,,,,,"0.729460,0.268379,0.002161,0.000000,0.000000",,,,,,,,,,,,,,,,,,,,,,,,,,,,,,,,,,,,,,,,,,,,,,,,,,,,,,,,,,,,,,,,,,,,,
,,,,,,"0.191098,0.739495,0.069397,0.000010,0.000000",,,,,,,,,,,,,,,,,,,,,,,,,,,,,,,,,,,,,,,,,,,,,,,,,,,,,,,,,,,,,,,,,,,,,
,,,,,,"0.191098,0.739495,0.069397,0.000010,0.000000",,,,,,,,,,,,,,,,,,,,,,,,,,,,,,,,,,,,,,,,,,,,,,,,,,,,,,,,,,,,,,,,,,,,,
,,,,,,"0.001366,0.522405,0.476033,0.000196,0.000000",,,,,,,,,,,,,,,,,,,,,,,,,,,,,,,,,,,,,,,,,,,,,,,,,,,,,,,,,,,,,,,,,,,,,
,,,,,,"0.017010,0.837974,0.145007,0.000008,0.000000",,,,,,,,,,,,,,,,,,,,,,,,,,,,,,,,,,,,,,,,,,,,,,,,,,,,,,,,,,,,,,,,,,,,,
,,,,,,"0.965397,0.034603,0.000001,0.000000,0.000000",,,,,,,,,,,,,,,,,,,,,,,,,,,,,,,,,,,,,,,,,,,,,,,,,,,,,,,,,,,,,,,,,,,,,
,,,,,,"0.965397,0.034603,0.000001,0.000000,0.000000",,,,,,,,,,,,,,,,,,,,,,,,,,,,,,,,,,,,,,,,,,,,,,,,,,,,,,,,,,,,,,,,,,,,,
,,,,,,"0.965397,0.034603,0.000001,0.000000,0.000000",,,,,,,,,,,,,,,,,,,,,,,,,,,,,,,,,,,,,,,,,,,,,,,,,,,,,,,,,,,,,,,,,,,,,
,,,,,,"0.965397,0.034603,0.000001,0.000000,0.000000",,,,,,,,,,,,,,,,,,,,,,,,,,,,,,,,,,,,,,,,,,,,,,,,,,,,,,,,,,,,,,,,,,,,,
,,,,,,"0.000549,0.499784,0.499120,0.000546,0.000000",,,,,,,,,,,,,,,,,,,,,,,,,,,,,,,,,,,,,,,,,,,,,,,,,,,,,,,,,,,,,,,,,,,,,
,,,,,,"0.003004,0.558446,0.438478,0.000072,0.000000",,,,,,,,,,,,,,,,,,,,,,,,,,,,,,,,,,,,,,,,,,,,,,,,,,,,,,,,,,,,,,,,,,,,,
,,,,,,"0.000223,0.074956,0.899971,0.024850,0.000000",,,,,,,,,,,,,,,,,,,,,,,,,,,,,,,,,,,,,,,,,,,,,,,,,,,,,,,,,,,,,,,,,,,,,
,,,,,,"0.017060,0.838823,0.144108,0.000008,0.000000",,,,,,,,,,,,,,,,,,,,,,,,,,,,,,,,,,,,,,,,,,,,,,,,,,,,,,,,,,,,,,,,,,,,,
,,,,,,"0.003004,0.558446,0.438478,0.000072,0.000000",,,,,,,,,,,,,,,,,,,,,,,,,,,,,,,,,,,,,,,,,,,,,,,,,,,,,,,,,,,,,,,,,,,,,
,,,,,,"0.855042,0.144949,0.000008,0.000000,0.000000",,,,,,,,,,,,,,,,,,,,,,,,,,,,,,,,,,,,,,,,,,,,,,,,,,,,,,,,,,,,,,,,,,,,,
,,,,,,"0.005630,0.612847,0.381489,0.000034,0.000000",,,,,,,,,,,,,,,,,,,,,,,,,,,,,,,,,,,,,,,,,,,,,,,,,,,,,,,,,,,,,,,,,,,,,
,,,,,,"0.377368,0.616817,0.005815,0.000000,0.000000",,,,,,,,,,,,,,,,,,,,,,,,,,,,,,,,,,,,,,,,,,,,,,,,,,,,,,,,,,,,,,,,,,,,,
,,,,,,"0.683021,0.311090,0.005890,0.000000,0.000000",,,,,,,,,,,,,,,,,,,,,,,,,,,,,,,,,,,,,,,,,,,,,,,,,,,,,,,,,,,,,,,,,,,,,
,,,,,,"0.522661,0.477140,0.000199,0.000000,0.000000",,,,,,,,,,,,,,,,,,,,,,,,,,,,,,,,,,,,,,,,,,,,,,,,,,,,,,,,,,,,,,,,,,,,,
,,,,,,"0.245577,0.736874,0.017549,0.000000,0.000000",,,,,,,,,,,,,,,,,,,,,,,,,,,,,,,,,,,,,,,,,,,,,,,,,,,,,,,,,,,,,,,,,,,,,
,,,,,,"0.191098,0.739495,0.069397,0.000010,0.000000",,,,,,,,,,,,,,,,,,,,,,,,,,,,,,,,,,,,,,,,,,,,,,,,,,,,,,,,,,,,,,,,,,,,,
,,,,,,"0.245577,0.736874,0.017549,0.000000,0.000000",,,,,,,,,,,,,,,,,,,,,,,,,,,,,,,,,,,,,,,,,,,,,,,,,,,,,,,,,,,,,,,,,,,,,
,,,,,,"0.729460,0.268379,0.002161,0.000000,0.000000",,,,,,,,,,,,,,,,,,,,,,,,,,,,,,,,,,,,,,,,,,,,,,,,,,,,,,,,,,,,,,,,,,,,,
,,,,,,"0.887185,0.112272,0.000543,0.000000,0.000000",,,,,,,,,,,,,,,,,,,,,,,,,,,,,,,,,,,,,,,,,,,,,,,,,,,,,,,,,,,,,,,,,,,,,
,,,,,,dist_AE,,,,,,,,,,,,,,,,,,,,,,,,,,,,,,,,,,,,,,,,,,,,,,,,,,,,,,,,,,,,,,,,,,,,,
,,,,,,"0.683021,0.311090,0.005890,0.000000,0.000000",,,,,,,,,,,,,,,,,,,,,,,,,,,,,,,,,,,,,,,,,,,,,,,,,,,,,,,,,,,,,,,,,,,,,
,,,,,,"0.965397,0.034603,0.000001,0.000000,0.000000",,,,,,,,,,,,,,,,,,,,,,,,,,,,,,,,,,,,,,,,,,,,,,,,,,,,,,,,,,,,,,,,,,,,,
,,,,,,"0.887185,0.112272,0.000543,0.000000,0.000000",,,,,,,,,,,,,,,,,,,,,,,,,,,,,,,,,,,,,,,,,,,,,,,,,,,,,,,,,,,,,,,,,,,,,
,,,,,,"0.000000,0.013369,0.766883,0.219735,0.000013",,,,,,,,,,,,,,,,,,,,,,,,,,,,,,,,,,,,,,,,,,,,,,,,,,,,,,,,,,,,,,,,,,,,,
,,,,,,"0.855042,0.144949,0.000008,0.000000,0.000000",,,,,,,,,,,,,,,,,,,,,,,,,,,,,,,,,,,,,,,,,,,,,,,,,,,,,,,,,,,,,,,,,,,,,
,,,,,,"0.191098,0.739495,0.069397,0.000010,0.000000",,,,,,,,,,,,,,,,,,,,,,,,,,,,,,,,,,,,,,,,,,,,,,,,,,,,,,,,,,,,,,,,,,,,,
,,,,,,"0.729460,0.268379,0.002161,0.000000,0.000000",,,,,,,,,,,,,,,,,,,,,,,,,,,,,,,,,,,,,,,,,,,,,,,,,,,,,,,,,,,,,,,,,,,,,
,,,,,,"0.191098,0.739495,0.069397,0.000010,0.000000",,,,,,,,,,,,,,,,,,,,,,,,,,,,,,,,,,,,,,,,,,,,,,,,,,,,,,,,,,,,,,,,,,,,,
,,,,,,"0.191098,0.739495,0.069397,0.000010,0.000000",,,,,,,,,,,,,,,,,,,,,,,,,,,,,,,,,,,,,,,,,,,,,,,,,,,,,,,,,,,,,,,,,,,,,
,,,,,,"0.001366,0.522405,0.476033,0.000196,0.000000",,,,,,,,,,,,,,,,,,,,,,,,,,,,,,,,,,,,,,,,,,,,,,,,,,,,,,,,,,,,,,,,,,,,,
,,,,,,"0.017010,0.837974,0.145007,0.000008,0.000000",,,,,,,,,,,,,,,,,,,,,,,,,,,,,,,,,,,,,,,,,,,,,,,,,,,,,,,,,,,,,,,,,,,,,
,,,,,,"0.965397,0.034603,0.000001,0.000000,0.000000",,,,,,,,,,,,,,,,,,,,,,,,,,,,,,,,,,,,,,,,,,,,,,,,,,,,,,,,,,,,,,,,,,,,,
,,,,,,"0.965397,0.034603,0.000001,0.000000,0.000000",,,,,,,,,,,,,,,,,,,,,,,,,,,,,,,,,,,,,,,,,,,,,,,,,,,,,,,,,,,,,,,,,,,,,
,,,,,,"0.965397,0.034603,0.000001,0.000000,0.000000",,,,,,,,,,,,,,,,,,,,,,,,,,,,,,,,,,,,,,,,,,,,,,,,,,,,,,,,,,,,,,,,,,,,,
,,,,,,"0.965397,0.034603,0.000001,0.000000,0.000000",,,,,,,,,,,,,,,,,,,,,,,,,,,,,,,,,,,,,,,,,,,,,,,,,,,,,,,,,,,,,,,,,,,,,
,,,,,,"0.000549,0.499784,0.499120,0.000546,0.000000",,,,,,,,,,,,,,,,,,,,,,,,,,,,,,,,,,,,,,,,,,,,,,,,,,,,,,,,,,,,,,,,,,,,,
,,,,,,"0.003004,0.558446,0.438478,0.000072,0.000000",,,,,,,,,,,,,,,,,,,,,,,,,,,,,,,,,,,,,,,,,,,,,,,,,,,,,,,,,,,,,,,,,,,,,
,,,,,,"0.000223,0.074956,0.899971,0.024850,0.000000",,,,,,,,,,,,,,,,,,,,,,,,,,,,,,,,,,,,,,,,,,,,,,,,,,,,,,,,,,,,,,,,,,,,,
,,,,,,"0.017060,0.838823,0.144108,0.000008,0.000000",,,,,,,,,,,,,,,,,,,,,,,,,,,,,,,,,,,,,,,,,,,,,,,,,,,,,,,,,,,,,,,,,,,,,
,,,,,,"0.003004,0.558446,0.438478,0.000072,0.000000",,,,,,,,,,,,,,,,,,,,,,,,,,,,,,,,,,,,,,,,,,,,,,,,,,,,,,,,,,,,,,,,,,,,,
,,,,,,"0.855042,0.144949,0.000008,0.000000,0.000000",,,,,,,,,,,,,,,,,,,,,,,,,,,,,,,,,,,,,,,,,,,,,,,,,,,,,,,,,,,,,,,,,,,,,
,,,,,,"0.005630,0.612847,0.381489,0.000034,0.000000",,,,,,,,,,,,,,,,,,,,,,,,,,,,,,,,,,,,,,,,,,,,,,,,,,,,,,,,,,,,,,,,,,,,,
,,,,,,"0.377368,0.616817,0.005815,0.000000,0.000000",,,,,,,,,,,,,,,,,,,,,,,,,,,,,,,,,,,,,,,,,,,,,,,,,,,,,,,,,,,,,,,,,,,,,
,,,,,,"0.683021,0.311090,0.005890,0.000000,0.000000",,,,,,,,,,,,,,,,,,,,,,,,,,,,,,,,,,,,,,,,,,,,,,,,,,,,,,,,,,,,,,,,,,,,,
,,,,,,"0.522661,0.477140,0.000199,0.000000,0.000000",,,,,,,,,,,,,,,,,,,,,,,,,,,,,,,,,,,,,,,,,,,,,,,,,,,,,,,,,,,,,,,,,,,,,
,,,,,,"0.245577,0.736874,0.017549,0.000000,0.000000",,,,,,,,,,,,,,,,,,,,,,,,,,,,,,,,,,,,,,,,,,,,,,,,,,,,,,,,,,,,,,,,,,,,,
,,,,,,"0.191098,0.739495,0.069397,0.000010,0.000000",,,,,,,,,,,,,,,,,,,,,,,,,,,,,,,,,,,,,,,,,,,,,,,,,,,,,,,,,,,,,,,,,,,,,
,,,,,,"0.245577,0.736874,0.017549,0.000000,0.000000",,,,,,,,,,,,,,,,,,,,,,,,,,,,,,,,,,,,,,,,,,,,,,,,,,,,,,,,,,,,,,,,,,,,,
,,,,,,"0.729460,0.268379,0.002161,0.000000,0.000000",,,,,,,,,,,,,,,,,,,,,,,,,,,,,,,,,,,,,,,,,,,,,,,,,,,,,,,,,,,,,,,,,,,,,
,,,,,,"0.887185,0.112272,0.000543,0.000000,0.000000",,,,,,,,,,,,,,,,,,,,,,,,,,,,,,,,,,,,,,,,,,,,,,,,,,,,,,,,,,,,,,,,,,,,,
,,,,,,dist_AE,,,,,,,,,,,,,,,,,,,,,,,,,,,,,,,,,,,,,,,,,,,,,,,,,,,,,,,,,,,,,,,,,,,,,
,,,,,,"0.683021,0.311090,0.005890,0.000000,0.000000",,,,,,,,,,,,,,,,,,,,,,,,,,,,,,,,,,,,,,,,,,,,,,,,,,,,,,,,,,,,,,,,,,,,,
,,,,,,"0.965397,0.034603,0.000001,0.000000,0.000000",,,,,,,,,,,,,,,,,,,,,,,,,,,,,,,,,,,,,,,,,,,,,,,,,,,,,,,,,,,,,,,,,,,,,
,,,,,,"0.887185,0.112272,0.000543,0.000000,0.000000",,,,,,,,,,,,,,,,,,,,,,,,,,,,,,,,,,,,,,,,,,,,,,,,,,,,,,,,,,,,,,,,,,,,,
,,,,,,"0.000000,0.013369,0.766883,0.219735,0.000013",,,,,,,,,,,,,,,,,,,,,,,,,,,,,,,,,,,,,,,,,,,,,,,,,,,,,,,,,,,,,,,,,,,,,
,,,,,,"0.855042,0.144949,0.000008,0.000000,0.000000",,,,,,,,,,,,,,,,,,,,,,,,,,,,,,,,,,,,,,,,,,,,,,,,,,,,,,,,,,,,,,,,,,,,,
,,,,,,"0.191098,0.739495,0.069397,0.000010,0.000000",,,,,,,,,,,,,,,,,,,,,,,,,,,,,,,,,,,,,,,,,,,,,,,,,,,,,,,,,,,,,,,,,,,,,
,,,,,,"0.729460,0.268379,0.002161,0.000000,0.000000",,,,,,,,,,,,,,,,,,,,,,,,,,,,,,,,,,,,,,,,,,,,,,,,,,,,,,,,,,,,,,,,,,,,,
,,,,,,"0.191098,0.739495,0.069397,0.000010,0.000000",,,,,,,,,,,,,,,,,,,,,,,,,,,,,,,,,,,,,,,,,,,,,,,,,,,,,,,,,,,,,,,,,,,,,
,,,,,,"0.191098,0.739495,0.069397,0.000010,0.000000",,,,,,,,,,,,,,,,,,,,,,,,,,,,,,,,,,,,,,,,,,,,,,,,,,,,,,,,,,,,,,,,,,,,,
,,,,,,"0.001366,0.522405,0.476033,0.000196,0.000000",,,,,,,,,,,,,,,,,,,,,,,,,,,,,,,,,,,,,,,,,,,,,,,,,,,,,,,,,,,,,,,,,,,,,
,,,,,,"0.017010,0.837974,0.145007,0.000008,0.000000",,,,,,,,,,,,,,,,,,,,,,,,,,,,,,,,,,,,,,,,,,,,,,,,,,,,,,,,,,,,,,,,,,,,,
,,,,,,"0.965397,0.034603,0.000001,0.000000,0.000000",,,,,,,,,,,,,,,,,,,,,,,,,,,,,,,,,,,,,,,,,,,,,,,,,,,,,,,,,,,,,,,,,,,,,
,,,,,,"0.965397,0.034603,0.000001,0.000000,0.000000",,,,,,,,,,,,,,,,,,,,,,,,,,,,,,,,,,,,,,,,,,,,,,,,,,,,,,,,,,,,,,,,,,,,,
,,,,,,"0.965397,0.034603,0.000001,0.000000,0.000000",,,,,,,,,,,,,,,,,,,,,,,,,,,,,,,,,,,,,,,,,,,,,,,,,,,,,,,,,,,,,,,,,,,,,
,,,,,,"0.965397,0.034603,0.000001,0.000000,0.000000",,,,,,,,,,,,,,,,,,,,,,,,,,,,,,,,,,,,,,,,,,,,,,,,,,,,,,,,,,,,,,,,,,,,,
,,,,,,"0.000549,0.499784,0.499120,0.000546,0.000000",,,,,,,,,,,,,,,,,,,,,,,,,,,,,,,,,,,,,,,,,,,,,,,,,,,,,,,,,,,,,,,,,,,,,
,,,,,,"0.003004,0.558446,0.438478,0.000072,0.000000",,,,,,,,,,,,,,,,,,,,,,,,,,,,,,,,,,,,,,,,,,,,,,,,,,,,,,,,,,,,,,,,,,,,,
,,,,,,"0.000223,0.074956,0.899971,0.024850,0.000000",,,,,,,,,,,,,,,,,,,,,,,,,,,,,,,,,,,,,,,,,,,,,,,,,,,,,,,,,,,,,,,,,,,,,
,,,,,,"0.017060,0.838823,0.144108,0.000008,0.000000",,,,,,,,,,,,,,,,,,,,,,,,,,,,,,,,,,,,,,,,,,,,,,,,,,,,,,,,,,,,,,,,,,,,,
,,,,,,"0.003004,0.558446,0.438478,0.000072,0.000000",,,,,,,,,,,,,,,,,,,,,,,,,,,,,,,,,,,,,,,,,,,,,,,,,,,,,,,,,,,,,,,,,,,,,
,,,,,,"0.855042,0.144949,0.000008,0.000000,0.000000",,,,,,,,,,,,,,,,,,,,,,,,,,,,,,,,,,,,,,,,,,,,,,,,,,,,,,,,,,,,,,,,,,,,,
,,,,,,"0.005630,0.612847,0.381489,0.000034,0.000000",,,,,,,,,,,,,,,,,,,,,,,,,,,,,,,,,,,,,,,,,,,,,,,,,,,,,,,,,,,,,,,,,,,,,
,,,,,,"0.377368,0.616817,0.005815,0.000000,0.000000",,,,,,,,,,,,,,,,,,,,,,,,,,,,,,,,,,,,,,,,,,,,,,,,,,,,,,,,,,,,,,,,,,,,,
,,,,,,"0.683021,0.311090,0.005890,0.000000,0.000000",,,,,,,,,,,,,,,,,,,,,,,,,,,,,,,,,,,,,,,,,,,,,,,,,,,,,,,,,,,,,,,,,,,,,
,,,,,,"0.522661,0.477140,0.000199,0.000000,0.000000",,,,,,,,,,,,,,,,,,,,,,,,,,,,,,,,,,,,,,,,,,,,,,,,,,,,,,,,,,,,,,,,,,,,,
,,,,,,"0.245577,0.736874,0.017549,0.000000,0.000000",,,,,,,,,,,,,,,,,,,,,,,,,,,,,,,,,,,,,,,,,,,,,,,,,,,,,,,,,,,,,,,,,,,,,
,,,,,,"0.191098,0.739495,0.069397,0.000010,0.000000",,,,,,,,,,,,,,,,,,,,,,,,,,,,,,,,,,,,,,,,,,,,,,,,,,,,,,,,,,,,,,,,,,,,,
,,,,,,"0.245577,0.736874,0.017549,0.000000,0.000000",,,,,,,,,,,,,,,,,,,,,,,,,,,,,,,,,,,,,,,,,,,,,,,,,,,,,,,,,,,,,,,,,,,,,
,,,,,,"0.729460,0.268379,0.002161,0.000000,0.000000",,,,,,,,,,,,,,,,,,,,,,,,,,,,,,,,,,,,,,,,,,,,,,,,,,,,,,,,,,,,,,,,,,,,,
,,,,,,"0.887185,0.112272,0.000543,0.000000,0.000000",,,,,,,,,,,,,,,,,,,,,,,,,,,,,,,,,,,,,,,,,,,,,,,,,,,,,,,,,,,,,,,,,,,,,
,,,,,,dist_AE,,,,,,,,,,,,,,,,,,,,,,,,,,,,,,,,,,,,,,,,,,,,,,,,,,,,,,,,,,,,,,,,,,,,,
,,,,,,"0.683021,0.311090,0.005890,0.000000,0.000000",,,,,,,,,,,,,,,,,,,,,,,,,,,,,,,,,,,,,,,,,,,,,,,,,,,,,,,,,,,,,,,,,,,,,
,,,,,,"0.965397,0.034603,0.000001,0.000000,0.000000",,,,,,,,,,,,,,,,,,,,,,,,,,,,,,,,,,,,,,,,,,,,,,,,,,,,,,,,,,,,,,,,,,,,,
,,,,,,"0.887185,0.112272,0.000543,0.000000,0.000000",,,,,,,,,,,,,,,,,,,,,,,,,,,,,,,,,,,,,,,,,,,,,,,,,,,,,,,,,,,,,,,,,,,,,
,,,,,,"0.000000,0.013369,0.766883,0.219735,0.000013",,,,,,,,,,,,,,,,,,,,,,,,,,,,,,,,,,,,,,,,,,,,,,,,,,,,,,,,,,,,,,,,,,,,,
,,,,,,"0.855042,0.144949,0.000008,0.000000,0.000000",,,,,,,,,,,,,,,,,,,,,,,,,,,,,,,,,,,,,,,,,,,,,,,,,,,,,,,,,,,,,,,,,,,,,
,,,,,,"0.191098,0.739495,0.069397,0.000010,0.000000",,,,,,,,,,,,,,,,,,,,,,,,,,,,,,,,,,,,,,,,,,,,,,,,,,,,,,,,,,,,,,,,,,,,,
,,,,,,"0.729460,0.268379,0.002161,0.000000,0.000000",,,,,,,,,,,,,,,,,,,,,,,,,,,,,,,,,,,,,,,,,,,,,,,,,,,,,,,,,,,,,,,,,,,,,
,,,,,,"0.191098,0.739495,0.069397,0.000010,0.000000",,,,,,,,,,,,,,,,,,,,,,,,,,,,,,,,,,,,,,,,,,,,,,,,,,,,,,,,,,,,,,,,,,,,,
,,,,,,"0.191098,0.739495,0.069397,0.000010,0.000000",,,,,,,,,,,,,,,,,,,,,,,,,,,,,,,,,,,,,,,,,,,,,,,,,,,,,,,,,,,,,,,,,,,,,
,,,,,,"0.001366,0.522405,0.476033,0.000196,0.000000",,,,,,,,,,,,,,,,,,,,,,,,,,,,,,,,,,,,,,,,,,,,,,,,,,,,,,,,,,,,,,,,,,,,,
,,,,,,"0.017010,0.837974,0.145007,0.000008,0.000000",,,,,,,,,,,,,,,,,,,,,,,,,,,,,,,,,,,,,,,,,,,,,,,,,,,,,,,,,,,,,,,,,,,,,
,,,,,,"0.965397,0.034603,0.000001,0.000000,0.000000",,,,,,,,,,,,,,,,,,,,,,,,,,,,,,,,,,,,,,,,,,,,,,,,,,,,,,,,,,,,,,,,,,,,,
,,,,,,"0.965397,0.034603,0.000001,0.000000,0.000000",,,,,,,,,,,,,,,,,,,,,,,,,,,,,,,,,,,,,,,,,,,,,,,,,,,,,,,,,,,,,,,,,,,,,
,,,,,,"0.965397,0.034603,0.000001,0.000000,0.000000",,,,,,,,,,,,,,,,,,,,,,,,,,,,,,,,,,,,,,,,,,,,,,,,,,,,,,,,,,,,,,,,,,,,,
,,,,,,"0.965397,0.034603,0.000001,0.000000,0.000000",,,,,,,,,,,,,,,,,,,,,,,,,,,,,,,,,,,,,,,,,,,,,,,,,,,,,,,,,,,,,,,,,,,,,
,,,,,,"0.000549,0.499784,0.499120,0.000546,0.000000",,,,,,,,,,,,,,,,,,,,,,,,,,,,,,,,,,,,,,,,,,,,,,,,,,,,,,,,,,,,,,,,,,,,,
,,,,,,"0.003004,0.558446,0.438478,0.000072,0.000000",,,,,,,,,,,,,,,,,,,,,,,,,,,,,,,,,,,,,,,,,,,,,,,,,,,,,,,,,,,,,,,,,,,,,
,,,,,,"0.000223,0.074956,0.899971,0.024850,0.000000",,,,,,,,,,,,,,,,,,,,,,,,,,,,,,,,,,,,,,,,,,,,,,,,,,,,,,,,,,,,,,,,,,,,,
,,,,,,"0.017060,0.838823,0.144108,0.000008,0.000000",,,,,,,,,,,,,,,,,,,,,,,,,,,,,,,,,,,,,,,,,,,,,,,,,,,,,,,,,,,,,,,,,,,,,
,,,,,,"0.003004,0.558446,0.438478,0.000072,0.000000",,,,,,,,,,,,,,,,,,,,,,,,,,,,,,,,,,,,,,,,,,,,,,,,,,,,,,,,,,,,,,,,,,,,,
,,,,,,"0.855042,0.144949,0.000008,0.000000,0.000000",,,,,,,,,,,,,,,,,,,,,,,,,,,,,,,,,,,,,,,,,,,,,,,,,,,,,,,,,,,,,,,,,,,,,
,,,,,,"0.005630,0.612847,0.381489,0.000034,0.000000",,,,,,,,,,,,,,,,,,,,,,,,,,,,,,,,,,,,,,,,,,,,,,,,,,,,,,,,,,,,,,,,,,,,,
,,,,,,"0.377368,0.616817,0.005815,0.000000,0.000000",,,,,,,,,,,,,,,,,,,,,,,,,,,,,,,,,,,,,,,,,,,,,,,,,,,,,,,,,,,,,,,,,,,,,
,,,,,,"0.683021,0.311090,0.005890,0.000000,0.000000",,,,,,,,,,,,,,,,,,,,,,,,,,,,,,,,,,,,,,,,,,,,,,,,,,,,,,,,,,,,,,,,,,,,,
,,,,,,"0.522661,0.477140,0.000199,0.000000,0.000000",,,,,,,,,,,,,,,,,,,,,,,,,,,,,,,,,,,,,,,,,,,,,,,,,,,,,,,,,,,,,,,,,,,,,
,,,,,,"0.245577,0.736874,0.017549,0.000000,0.000000",,,,,,,,,,,,,,,,,,,,,,,,,,,,,,,,,,,,,,,,,,,,,,,,,,,,,,,,,,,,,,,,,,,,,
,,,,,,"0.191098,0.739495,0.069397,0.000010,0.000000",,,,,,,,,,,,,,,,,,,,,,,,,,,,,,,,,,,,,,,,,,,,,,,,,,,,,,,,,,,,,,,,,,,,,
,,,,,,"0.245577,0.736874,0.017549,0.000000,0.000000",,,,,,,,,,,,,,,,,,,,,,,,,,,,,,,,,,,,,,,,,,,,,,,,,,,,,,,,,,,,,,,,,,,,,
,,,,,,"0.729460,0.268379,0.002161,0.000000,0.000000",,,,,,,,,,,,,,,,,,,,,,,,,,,,,,,,,,,,,,,,,,,,,,,,,,,,,,,,,,,,,,,,,,,,,
,,,,,,"0.887185,0.112272,0.000543,0.000000,0.000000",,,,,,,,,,,,,,,,,,,,,,,,,,,,,,,,,,,,,,,,,,,,,,,,,,,,,,,,,,,,,,,,,,,,,
